
**********----------**********
Title: dummy

T = 1500.00 (C)  P = 1.000 (kbars)  log(10) f O2 = -8.66  delta HM = -8.69  NNO = -3.96  QFM = -3.23  COH = -0.80  IW = 0.00

Constraint Flags: fO2 path = IW  Fractionate Solids  

Liquid           mass = 99.95 (gm)  density = 2.64 (gm/cc)  viscosity = 1.12 (log 10 poise)     (analysis in wt %)
 		G = -1720831.18 (J)  H = -1195361.84 (J)  S = 296.35 (J/K)  V = 37.92 (cc)  Cp = 152.93 (J/K)  
        SiO2   TiO2  Al2O3  Fe2O3  Cr2O3    FeO    MnO    MgO    NiO    CoO    CaO   Na2O    K2O   P2O5    H2O    CO2    SO3 Cl2O-1  F2O-1
       48.53   1.01  17.59   0.36   0.04   8.04   0.00   9.07   0.00   0.00  12.41   2.64   0.03   0.08   0.20   0.00   0.00   0.00   0.00

Total solids     mass = 0.00 (gm)  density = 0.00 (gm/cc)
                 G = 0.00 (J)  H = 0.00 (J)  S = 0.00 (J/K)  V = 0.00 (cc)  Cp = 0.00 (J/K)  

Summary of all fractionated phases: (total mass = 0.00 grams)

Viscosity of the System: 1.12 (log 10 poise)

System           mass = 99.95 (gm)  density = 2.64 (gm/cc)
                 G = -1720831.18 (J)  H = -1195361.84 (J)  S = 296.35 (J/K)  V = 37.92 (cc)  Cp = 152.93 (J/K)  

Oxygen           delta moles = -1.70003e-16  delta grams = -5.43989e-15
                 G = 0.00 (J)  H = -0.00 (J)  S = -0.00 (J/K)  V = -0.00 (cc)  Cp = -0.00 (J/K)  

**********----------**********
Title: dummy

T = 1495.00 (C)  P = 1.000 (kbars)  log(10) f O2 = -8.71  delta HM = -8.70  NNO = -3.97  QFM = -3.23  COH = -0.81  IW = 0.00

Constraint Flags: fO2 path = IW  Fractionate Solids  

Liquid           mass = 99.95 (gm)  density = 2.64 (gm/cc)  viscosity = 1.13 (log 10 poise)     (analysis in wt %)
 		G = -1719349.36 (J)  H = -1196125.82 (J)  S = 295.92 (J/K)  V = 37.90 (cc)  Cp = 152.93 (J/K)  
        SiO2   TiO2  Al2O3  Fe2O3  Cr2O3    FeO    MnO    MgO    NiO    CoO    CaO   Na2O    K2O   P2O5    H2O    CO2    SO3 Cl2O-1  F2O-1
       48.53   1.01  17.59   0.36   0.04   8.04   0.00   9.07   0.00   0.00  12.41   2.64   0.03   0.08   0.20   0.00   0.00   0.00   0.00

Total solids     mass = 0.00 (gm)  density = 0.00 (gm/cc)
                 G = 0.00 (J)  H = 0.00 (J)  S = 0.00 (J/K)  V = 0.00 (cc)  Cp = 0.00 (J/K)  

Summary of all fractionated phases: (total mass = 0.00 grams)

Viscosity of the System: 1.13 (log 10 poise)

System           mass = 99.95 (gm)  density = 2.64 (gm/cc)
                 G = -1719349.36 (J)  H = -1196125.82 (J)  S = 295.92 (J/K)  V = 37.90 (cc)  Cp = 152.93 (J/K)  

Oxygen           delta moles = -1.69468e-06  delta grams = -5.42276e-05
                 G = 0.71 (J)  H = -0.09 (J)  S = -0.00 (J/K)  V = -0.25 (cc)  Cp = -0.00 (J/K)  

**********----------**********
Title: dummy

T = 1490.00 (C)  P = 1.000 (kbars)  log(10) f O2 = -8.75  delta HM = -8.70  NNO = -3.97  QFM = -3.24  COH = -0.81  IW = 0.00

Constraint Flags: fO2 path = IW  Fractionate Solids  

Liquid           mass = 99.95 (gm)  density = 2.64 (gm/cc)  viscosity = 1.15 (log 10 poise)     (analysis in wt %)
 		G = -1717869.71 (J)  H = -1196889.82 (J)  S = 295.48 (J/K)  V = 37.89 (cc)  Cp = 152.93 (J/K)  
        SiO2   TiO2  Al2O3  Fe2O3  Cr2O3    FeO    MnO    MgO    NiO    CoO    CaO   Na2O    K2O   P2O5    H2O    CO2    SO3 Cl2O-1  F2O-1
       48.53   1.01  17.59   0.36   0.04   8.04   0.00   9.07   0.00   0.00  12.41   2.64   0.03   0.08   0.20   0.00   0.00   0.00   0.00

Total solids     mass = 0.00 (gm)  density = 0.00 (gm/cc)
                 G = 0.00 (J)  H = 0.00 (J)  S = 0.00 (J/K)  V = 0.00 (cc)  Cp = 0.00 (J/K)  

Summary of all fractionated phases: (total mass = 0.00 grams)

Viscosity of the System: 1.15 (log 10 poise)

System           mass = 99.95 (gm)  density = 2.64 (gm/cc)
                 G = -1717869.71 (J)  H = -1196889.82 (J)  S = 295.48 (J/K)  V = 37.89 (cc)  Cp = 152.93 (J/K)  

Oxygen           delta moles = -3.3676e-06  delta grams = -0.000107759
                 G = 1.40 (J)  H = -0.17 (J)  S = -0.00 (J/K)  V = -0.49 (cc)  Cp = -0.00 (J/K)  

**********----------**********
Title: dummy

T = 1485.00 (C)  P = 1.000 (kbars)  log(10) f O2 = -8.79  delta HM = -8.71  NNO = -3.97  QFM = -3.24  COH = -0.82  IW = 0.00

Constraint Flags: fO2 path = IW  Fractionate Solids  

Liquid           mass = 99.95 (gm)  density = 2.64 (gm/cc)  viscosity = 1.16 (log 10 poise)     (analysis in wt %)
 		G = -1716392.26 (J)  H = -1197653.82 (J)  S = 295.05 (J/K)  V = 37.88 (cc)  Cp = 152.93 (J/K)  
        SiO2   TiO2  Al2O3  Fe2O3  Cr2O3    FeO    MnO    MgO    NiO    CoO    CaO   Na2O    K2O   P2O5    H2O    CO2    SO3 Cl2O-1  F2O-1
       48.53   1.01  17.59   0.36   0.04   8.05   0.00   9.07   0.00   0.00  12.41   2.64   0.03   0.08   0.20   0.00   0.00   0.00   0.00

Total solids     mass = 0.00 (gm)  density = 0.00 (gm/cc)
                 G = 0.00 (J)  H = 0.00 (J)  S = 0.00 (J/K)  V = 0.00 (cc)  Cp = 0.00 (J/K)  

Summary of all fractionated phases: (total mass = 0.00 grams)

Viscosity of the System: 1.16 (log 10 poise)

System           mass = 99.95 (gm)  density = 2.64 (gm/cc)
                 G = -1716392.26 (J)  H = -1197653.82 (J)  S = 295.05 (J/K)  V = 37.88 (cc)  Cp = 152.93 (J/K)  

Oxygen           delta moles = -5.0186e-06  delta grams = -0.000160589
                 G = 2.08 (J)  H = -0.25 (J)  S = -0.00 (J/K)  V = -0.73 (cc)  Cp = -0.00 (J/K)  

**********----------**********
Title: dummy

T = 1480.00 (C)  P = 1.000 (kbars)  log(10) f O2 = -8.84  delta HM = -8.71  NNO = -3.98  QFM = -3.25  COH = -0.83  IW = 0.00

Constraint Flags: fO2 path = IW  Fractionate Solids  

Liquid           mass = 99.95 (gm)  density = 2.64 (gm/cc)  viscosity = 1.18 (log 10 poise)     (analysis in wt %)
 		G = -1714916.99 (J)  H = -1198417.82 (J)  S = 294.61 (J/K)  V = 37.86 (cc)  Cp = 152.93 (J/K)  
        SiO2   TiO2  Al2O3  Fe2O3  Cr2O3    FeO    MnO    MgO    NiO    CoO    CaO   Na2O    K2O   P2O5    H2O    CO2    SO3 Cl2O-1  F2O-1
       48.53   1.01  17.59   0.35   0.04   8.05   0.00   9.07   0.00   0.00  12.41   2.64   0.03   0.08   0.20   0.00   0.00   0.00   0.00

Total solids     mass = 0.00 (gm)  density = 0.00 (gm/cc)
                 G = 0.00 (J)  H = 0.00 (J)  S = 0.00 (J/K)  V = 0.00 (cc)  Cp = 0.00 (J/K)  

Summary of all fractionated phases: (total mass = 0.00 grams)

Viscosity of the System: 1.18 (log 10 poise)

System           mass = 99.95 (gm)  density = 2.64 (gm/cc)
                 G = -1714916.99 (J)  H = -1198417.82 (J)  S = 294.61 (J/K)  V = 37.86 (cc)  Cp = 152.93 (J/K)  

Oxygen           delta moles = -6.64753e-06  delta grams = -0.000212713
                 G = 2.74 (J)  H = -0.33 (J)  S = -0.00 (J/K)  V = -0.97 (cc)  Cp = -0.00 (J/K)  

**********----------**********
Title: dummy

T = 1475.00 (C)  P = 1.000 (kbars)  log(10) f O2 = -8.88  delta HM = -8.72  NNO = -3.98  QFM = -3.25  COH = -0.84  IW = 0.00

Constraint Flags: fO2 path = IW  Fractionate Solids  

Liquid           mass = 99.95 (gm)  density = 2.64 (gm/cc)  viscosity = 1.19 (log 10 poise)     (analysis in wt %)
 		G = -1713443.92 (J)  H = -1199181.84 (J)  S = 294.18 (J/K)  V = 37.85 (cc)  Cp = 152.93 (J/K)  
        SiO2   TiO2  Al2O3  Fe2O3  Cr2O3    FeO    MnO    MgO    NiO    CoO    CaO   Na2O    K2O   P2O5    H2O    CO2    SO3 Cl2O-1  F2O-1
       48.53   1.01  17.59   0.35   0.04   8.05   0.00   9.07   0.00   0.00  12.41   2.64   0.03   0.08   0.20   0.00   0.00   0.00   0.00

Total solids     mass = 0.00 (gm)  density = 0.00 (gm/cc)
                 G = 0.00 (J)  H = 0.00 (J)  S = 0.00 (J/K)  V = 0.00 (cc)  Cp = 0.00 (J/K)  

Summary of all fractionated phases: (total mass = 0.00 grams)

Viscosity of the System: 1.19 (log 10 poise)

System           mass = 99.95 (gm)  density = 2.64 (gm/cc)
                 G = -1713443.92 (J)  H = -1199181.84 (J)  S = 294.18 (J/K)  V = 37.85 (cc)  Cp = 152.93 (J/K)  

Oxygen           delta moles = -8.25422e-06  delta grams = -0.000264125
                 G = 3.39 (J)  H = -0.41 (J)  S = -0.00 (J/K)  V = -1.20 (cc)  Cp = -0.00 (J/K)  

**********----------**********
Title: dummy

T = 1470.00 (C)  P = 1.000 (kbars)  log(10) f O2 = -8.92  delta HM = -8.72  NNO = -3.98  QFM = -3.25  COH = -0.84  IW = 0.00

Constraint Flags: fO2 path = IW  Fractionate Solids  

Liquid           mass = 99.95 (gm)  density = 2.64 (gm/cc)  viscosity = 1.21 (log 10 poise)     (analysis in wt %)
 		G = -1711973.06 (J)  H = -1199945.85 (J)  S = 293.74 (J/K)  V = 37.84 (cc)  Cp = 152.93 (J/K)  
        SiO2   TiO2  Al2O3  Fe2O3  Cr2O3    FeO    MnO    MgO    NiO    CoO    CaO   Na2O    K2O   P2O5    H2O    CO2    SO3 Cl2O-1  F2O-1
       48.53   1.01  17.59   0.35   0.04   8.05   0.00   9.07   0.00   0.00  12.41   2.64   0.03   0.08   0.20   0.00   0.00   0.00   0.00

Total solids     mass = 0.00 (gm)  density = 0.00 (gm/cc)
                 G = 0.00 (J)  H = 0.00 (J)  S = 0.00 (J/K)  V = 0.00 (cc)  Cp = 0.00 (J/K)  

Summary of all fractionated phases: (total mass = 0.00 grams)

Viscosity of the System: 1.21 (log 10 poise)

System           mass = 99.95 (gm)  density = 2.64 (gm/cc)
                 G = -1711973.06 (J)  H = -1199945.85 (J)  S = 293.74 (J/K)  V = 37.84 (cc)  Cp = 152.93 (J/K)  

Oxygen           delta moles = -9.83849e-06  delta grams = -0.00031482
                 G = 4.03 (J)  H = -0.49 (J)  S = -0.00 (J/K)  V = -1.43 (cc)  Cp = -0.00 (J/K)  

**********----------**********
Title: dummy

T = 1465.00 (C)  P = 1.000 (kbars)  log(10) f O2 = -8.97  delta HM = -8.73  NNO = -3.98  QFM = -3.26  COH = -0.85  IW = 0.00

Constraint Flags: fO2 path = IW  Fractionate Solids  

Liquid           mass = 99.95 (gm)  density = 2.64 (gm/cc)  viscosity = 1.23 (log 10 poise)     (analysis in wt %)
 		G = -1710504.41 (J)  H = -1200709.88 (J)  S = 293.30 (J/K)  V = 37.83 (cc)  Cp = 152.93 (J/K)  
        SiO2   TiO2  Al2O3  Fe2O3  Cr2O3    FeO    MnO    MgO    NiO    CoO    CaO   Na2O    K2O   P2O5    H2O    CO2    SO3 Cl2O-1  F2O-1
       48.53   1.01  17.59   0.35   0.04   8.05   0.00   9.07   0.00   0.00  12.41   2.64   0.03   0.08   0.20   0.00   0.00   0.00   0.00

Total solids     mass = 0.00 (gm)  density = 0.00 (gm/cc)
                 G = 0.00 (J)  H = 0.00 (J)  S = 0.00 (J/K)  V = 0.00 (cc)  Cp = 0.00 (J/K)  

Summary of all fractionated phases: (total mass = 0.00 grams)

Viscosity of the System: 1.23 (log 10 poise)

System           mass = 99.95 (gm)  density = 2.64 (gm/cc)
                 G = -1710504.41 (J)  H = -1200709.88 (J)  S = 293.30 (J/K)  V = 37.83 (cc)  Cp = 152.93 (J/K)  

Oxygen           delta moles = -1.14002e-05  delta grams = -0.000364792
                 G = 4.66 (J)  H = -0.56 (J)  S = -0.00 (J/K)  V = -1.65 (cc)  Cp = -0.00 (J/K)  

**********----------**********
Title: dummy

T = 1460.00 (C)  P = 1.000 (kbars)  log(10) f O2 = -9.01  delta HM = -8.73  NNO = -3.99  QFM = -3.26  COH = -0.86  IW = 0.00

Constraint Flags: fO2 path = IW  Fractionate Solids  

Liquid           mass = 99.95 (gm)  density = 2.64 (gm/cc)  viscosity = 1.24 (log 10 poise)     (analysis in wt %)
 		G = -1709037.98 (J)  H = -1201473.91 (J)  S = 292.86 (J/K)  V = 37.81 (cc)  Cp = 152.93 (J/K)  
        SiO2   TiO2  Al2O3  Fe2O3  Cr2O3    FeO    MnO    MgO    NiO    CoO    CaO   Na2O    K2O   P2O5    H2O    CO2    SO3 Cl2O-1  F2O-1
       48.53   1.01  17.59   0.35   0.04   8.05   0.00   9.07   0.00   0.00  12.41   2.64   0.03   0.08   0.20   0.00   0.00   0.00   0.00

Total solids     mass = 0.00 (gm)  density = 0.00 (gm/cc)
                 G = 0.00 (J)  H = 0.00 (J)  S = 0.00 (J/K)  V = 0.00 (cc)  Cp = 0.00 (J/K)  

Summary of all fractionated phases: (total mass = 0.00 grams)

Viscosity of the System: 1.24 (log 10 poise)

System           mass = 99.95 (gm)  density = 2.64 (gm/cc)
                 G = -1709037.98 (J)  H = -1201473.91 (J)  S = 292.86 (J/K)  V = 37.81 (cc)  Cp = 152.93 (J/K)  

Oxygen           delta moles = -1.29391e-05  delta grams = -0.000414036
                 G = 5.27 (J)  H = -0.64 (J)  S = -0.00 (J/K)  V = -1.86 (cc)  Cp = -0.00 (J/K)  

**********----------**********
Title: dummy

T = 1455.00 (C)  P = 1.000 (kbars)  log(10) f O2 = -9.06  delta HM = -8.74  NNO = -3.99  QFM = -3.27  COH = -0.87  IW = 0.00

Constraint Flags: fO2 path = IW  Fractionate Solids  

Liquid           mass = 99.95 (gm)  density = 2.64 (gm/cc)  viscosity = 1.26 (log 10 poise)     (analysis in wt %)
 		G = -1707573.77 (J)  H = -1202237.94 (J)  S = 292.41 (J/K)  V = 37.80 (cc)  Cp = 152.93 (J/K)  
        SiO2   TiO2  Al2O3  Fe2O3  Cr2O3    FeO    MnO    MgO    NiO    CoO    CaO   Na2O    K2O   P2O5    H2O    CO2    SO3 Cl2O-1  F2O-1
       48.53   1.01  17.59   0.35   0.04   8.05   0.00   9.07   0.00   0.00  12.41   2.64   0.03   0.08   0.20   0.00   0.00   0.00   0.00

Total solids     mass = 0.00 (gm)  density = 0.00 (gm/cc)
                 G = 0.00 (J)  H = 0.00 (J)  S = 0.00 (J/K)  V = 0.00 (cc)  Cp = 0.00 (J/K)  

Summary of all fractionated phases: (total mass = 0.00 grams)

Viscosity of the System: 1.26 (log 10 poise)

System           mass = 99.95 (gm)  density = 2.64 (gm/cc)
                 G = -1707573.77 (J)  H = -1202237.94 (J)  S = 292.41 (J/K)  V = 37.80 (cc)  Cp = 152.93 (J/K)  

Oxygen           delta moles = -1.44551e-05  delta grams = -0.000462546
                 G = 5.87 (J)  H = -0.71 (J)  S = -0.00 (J/K)  V = -2.08 (cc)  Cp = -0.00 (J/K)  

**********----------**********
Title: dummy

T = 1450.00 (C)  P = 1.000 (kbars)  log(10) f O2 = -9.10  delta HM = -8.74  NNO = -3.99  QFM = -3.27  COH = -0.88  IW = 0.00

Constraint Flags: fO2 path = IW  Fractionate Solids  

Liquid           mass = 99.95 (gm)  density = 2.64 (gm/cc)  viscosity = 1.27 (log 10 poise)     (analysis in wt %)
 		G = -1706111.80 (J)  H = -1203001.99 (J)  S = 291.97 (J/K)  V = 37.79 (cc)  Cp = 152.93 (J/K)  
        SiO2   TiO2  Al2O3  Fe2O3  Cr2O3    FeO    MnO    MgO    NiO    CoO    CaO   Na2O    K2O   P2O5    H2O    CO2    SO3 Cl2O-1  F2O-1
       48.53   1.01  17.59   0.35   0.04   8.05   0.00   9.07   0.00   0.00  12.41   2.64   0.03   0.08   0.20   0.00   0.00   0.00   0.00

Total solids     mass = 0.00 (gm)  density = 0.00 (gm/cc)
                 G = 0.00 (J)  H = 0.00 (J)  S = 0.00 (J/K)  V = 0.00 (cc)  Cp = 0.00 (J/K)  

Summary of all fractionated phases: (total mass = 0.00 grams)

Viscosity of the System: 1.27 (log 10 poise)

System           mass = 99.95 (gm)  density = 2.64 (gm/cc)
                 G = -1706111.80 (J)  H = -1203001.99 (J)  S = 291.97 (J/K)  V = 37.79 (cc)  Cp = 152.93 (J/K)  

Oxygen           delta moles = -1.5948e-05  delta grams = -0.000510316
                 G = 6.45 (J)  H = -0.78 (J)  S = -0.00 (J/K)  V = -2.28 (cc)  Cp = -0.00 (J/K)  

**********----------**********
Title: dummy

T = 1445.00 (C)  P = 1.000 (kbars)  log(10) f O2 = -9.15  delta HM = -8.75  NNO = -4.00  QFM = -3.28  COH = -0.88  IW = 0.00

Constraint Flags: fO2 path = IW  Fractionate Solids  

Liquid           mass = 99.95 (gm)  density = 2.65 (gm/cc)  viscosity = 1.29 (log 10 poise)     (analysis in wt %)
 		G = -1704652.05 (J)  H = -1203766.03 (J)  S = 291.53 (J/K)  V = 37.77 (cc)  Cp = 152.93 (J/K)  
        SiO2   TiO2  Al2O3  Fe2O3  Cr2O3    FeO    MnO    MgO    NiO    CoO    CaO   Na2O    K2O   P2O5    H2O    CO2    SO3 Cl2O-1  F2O-1
       48.53   1.01  17.59   0.35   0.04   8.05   0.00   9.07   0.00   0.00  12.41   2.64   0.03   0.08   0.20   0.00   0.00   0.00   0.00

Total solids     mass = 0.00 (gm)  density = 0.00 (gm/cc)
                 G = 0.00 (J)  H = 0.00 (J)  S = 0.00 (J/K)  V = 0.00 (cc)  Cp = 0.00 (J/K)  

Summary of all fractionated phases: (total mass = 0.00 grams)

Viscosity of the System: 1.29 (log 10 poise)

System           mass = 99.95 (gm)  density = 2.65 (gm/cc)
                 G = -1704652.05 (J)  H = -1203766.03 (J)  S = 291.53 (J/K)  V = 37.77 (cc)  Cp = 152.93 (J/K)  

Oxygen           delta moles = -1.74175e-05  delta grams = -0.000557341
                 G = 7.02 (J)  H = -0.85 (J)  S = -0.00 (J/K)  V = -2.49 (cc)  Cp = -0.00 (J/K)  

**********----------**********
Title: dummy

T = 1440.00 (C)  P = 1.000 (kbars)  log(10) f O2 = -9.19  delta HM = -8.75  NNO = -4.00  QFM = -3.28  COH = -0.89  IW = 0.00

Constraint Flags: fO2 path = IW  Fractionate Solids  

Liquid           mass = 99.95 (gm)  density = 2.65 (gm/cc)  viscosity = 1.30 (log 10 poise)     (analysis in wt %)
 		G = -1703194.56 (J)  H = -1204530.09 (J)  S = 291.08 (J/K)  V = 37.76 (cc)  Cp = 152.93 (J/K)  
        SiO2   TiO2  Al2O3  Fe2O3  Cr2O3    FeO    MnO    MgO    NiO    CoO    CaO   Na2O    K2O   P2O5    H2O    CO2    SO3 Cl2O-1  F2O-1
       48.53   1.01  17.59   0.35   0.04   8.05   0.00   9.07   0.00   0.00  12.41   2.64   0.03   0.08   0.20   0.00   0.00   0.00   0.00

Total solids     mass = 0.00 (gm)  density = 0.00 (gm/cc)
                 G = 0.00 (J)  H = 0.00 (J)  S = 0.00 (J/K)  V = 0.00 (cc)  Cp = 0.00 (J/K)  

Summary of all fractionated phases: (total mass = 0.00 grams)

Viscosity of the System: 1.30 (log 10 poise)

System           mass = 99.95 (gm)  density = 2.65 (gm/cc)
                 G = -1703194.56 (J)  H = -1204530.09 (J)  S = 291.08 (J/K)  V = 37.76 (cc)  Cp = 152.93 (J/K)  

Oxygen           delta moles = -1.88636e-05  delta grams = -0.000603613
                 G = 7.58 (J)  H = -0.91 (J)  S = -0.00 (J/K)  V = -2.69 (cc)  Cp = -0.00 (J/K)  

**********----------**********
Title: dummy

T = 1435.00 (C)  P = 1.000 (kbars)  log(10) f O2 = -9.24  delta HM = -8.76  NNO = -4.00  QFM = -3.28  COH = -0.90  IW = 0.00

Constraint Flags: fO2 path = IW  Fractionate Solids  

Liquid           mass = 99.95 (gm)  density = 2.65 (gm/cc)  viscosity = 1.32 (log 10 poise)     (analysis in wt %)
 		G = -1701739.31 (J)  H = -1205294.15 (J)  S = 290.63 (J/K)  V = 37.75 (cc)  Cp = 152.93 (J/K)  
        SiO2   TiO2  Al2O3  Fe2O3  Cr2O3    FeO    MnO    MgO    NiO    CoO    CaO   Na2O    K2O   P2O5    H2O    CO2    SO3 Cl2O-1  F2O-1
       48.53   1.01  17.59   0.35   0.04   8.05   0.00   9.07   0.00   0.00  12.41   2.64   0.03   0.08   0.20   0.00   0.00   0.00   0.00

Total solids     mass = 0.00 (gm)  density = 0.00 (gm/cc)
                 G = 0.00 (J)  H = 0.00 (J)  S = 0.00 (J/K)  V = 0.00 (cc)  Cp = 0.00 (J/K)  

Summary of all fractionated phases: (total mass = 0.00 grams)

Viscosity of the System: 1.32 (log 10 poise)

System           mass = 99.95 (gm)  density = 2.65 (gm/cc)
                 G = -1701739.31 (J)  H = -1205294.15 (J)  S = 290.63 (J/K)  V = 37.75 (cc)  Cp = 152.93 (J/K)  

Oxygen           delta moles = -2.0286e-05  delta grams = -0.000649127
                 G = 8.13 (J)  H = -0.98 (J)  S = -0.01 (J/K)  V = -2.88 (cc)  Cp = -0.00 (J/K)  

**********----------**********
Title: dummy

T = 1430.00 (C)  P = 1.000 (kbars)  log(10) f O2 = -9.28  delta HM = -8.76  NNO = -4.01  QFM = -3.29  COH = -0.91  IW = 0.00

Constraint Flags: fO2 path = IW  Fractionate Solids  

Liquid           mass = 99.95 (gm)  density = 2.65 (gm/cc)  viscosity = 1.34 (log 10 poise)     (analysis in wt %)
 		G = -1700286.32 (J)  H = -1206058.22 (J)  S = 290.18 (J/K)  V = 37.74 (cc)  Cp = 152.93 (J/K)  
        SiO2   TiO2  Al2O3  Fe2O3  Cr2O3    FeO    MnO    MgO    NiO    CoO    CaO   Na2O    K2O   P2O5    H2O    CO2    SO3 Cl2O-1  F2O-1
       48.53   1.01  17.59   0.35   0.04   8.05   0.00   9.07   0.00   0.00  12.41   2.64   0.03   0.08   0.20   0.00   0.00   0.00   0.00

Total solids     mass = 0.00 (gm)  density = 0.00 (gm/cc)
                 G = 0.00 (J)  H = 0.00 (J)  S = 0.00 (J/K)  V = 0.00 (cc)  Cp = 0.00 (J/K)  

Summary of all fractionated phases: (total mass = 0.00 grams)

Viscosity of the System: 1.34 (log 10 poise)

System           mass = 99.95 (gm)  density = 2.65 (gm/cc)
                 G = -1700286.32 (J)  H = -1206058.22 (J)  S = 290.18 (J/K)  V = 37.74 (cc)  Cp = 152.93 (J/K)  

Oxygen           delta moles = -2.16845e-05  delta grams = -0.000693877
                 G = 8.66 (J)  H = -1.04 (J)  S = -0.01 (J/K)  V = -3.07 (cc)  Cp = -0.00 (J/K)  

**********----------**********
Title: dummy

T = 1425.00 (C)  P = 1.000 (kbars)  log(10) f O2 = -9.33  delta HM = -8.77  NNO = -4.01  QFM = -3.29  COH = -0.92  IW = 0.00

Constraint Flags: fO2 path = IW  Fractionate Solids  

Liquid           mass = 99.95 (gm)  density = 2.65 (gm/cc)  viscosity = 1.35 (log 10 poise)     (analysis in wt %)
 		G = -1698835.59 (J)  H = -1206822.30 (J)  S = 289.73 (J/K)  V = 37.72 (cc)  Cp = 152.92 (J/K)  
        SiO2   TiO2  Al2O3  Fe2O3  Cr2O3    FeO    MnO    MgO    NiO    CoO    CaO   Na2O    K2O   P2O5    H2O    CO2    SO3 Cl2O-1  F2O-1
       48.53   1.01  17.59   0.35   0.04   8.05   0.00   9.07   0.00   0.00  12.41   2.64   0.03   0.08   0.20   0.00   0.00   0.00   0.00

Total solids     mass = 0.00 (gm)  density = 0.00 (gm/cc)
                 G = 0.00 (J)  H = 0.00 (J)  S = 0.00 (J/K)  V = 0.00 (cc)  Cp = 0.00 (J/K)  

Summary of all fractionated phases: (total mass = 0.00 grams)

Viscosity of the System: 1.35 (log 10 poise)

System           mass = 99.95 (gm)  density = 2.65 (gm/cc)
                 G = -1698835.59 (J)  H = -1206822.30 (J)  S = 289.73 (J/K)  V = 37.72 (cc)  Cp = 152.92 (J/K)  

Oxygen           delta moles = -2.30589e-05  delta grams = -0.000737856
                 G = 9.18 (J)  H = -1.10 (J)  S = -0.01 (J/K)  V = -3.26 (cc)  Cp = -0.00 (J/K)  

**********----------**********
Title: dummy

T = 1420.00 (C)  P = 1.000 (kbars)  log(10) f O2 = -9.38  delta HM = -8.77  NNO = -4.01  QFM = -3.30  COH = -0.92  IW = 0.00

Constraint Flags: fO2 path = IW  Fractionate Solids  

Liquid           mass = 99.95 (gm)  density = 2.65 (gm/cc)  viscosity = 1.37 (log 10 poise)     (analysis in wt %)
 		G = -1697387.13 (J)  H = -1207586.38 (J)  S = 289.28 (J/K)  V = 37.71 (cc)  Cp = 152.92 (J/K)  
        SiO2   TiO2  Al2O3  Fe2O3  Cr2O3    FeO    MnO    MgO    NiO    CoO    CaO   Na2O    K2O   P2O5    H2O    CO2    SO3 Cl2O-1  F2O-1
       48.53   1.01  17.59   0.35   0.04   8.05   0.00   9.07   0.00   0.00  12.41   2.64   0.03   0.08   0.20   0.00   0.00   0.00   0.00

Total solids     mass = 0.00 (gm)  density = 0.00 (gm/cc)
                 G = 0.00 (J)  H = 0.00 (J)  S = 0.00 (J/K)  V = 0.00 (cc)  Cp = 0.00 (J/K)  

Summary of all fractionated phases: (total mass = 0.00 grams)

Viscosity of the System: 1.37 (log 10 poise)

System           mass = 99.95 (gm)  density = 2.65 (gm/cc)
                 G = -1697387.13 (J)  H = -1207586.38 (J)  S = 289.28 (J/K)  V = 37.71 (cc)  Cp = 152.92 (J/K)  

Oxygen           delta moles = -2.4409e-05  delta grams = -0.000781058
                 G = 9.68 (J)  H = -1.16 (J)  S = -0.01 (J/K)  V = -3.44 (cc)  Cp = -0.00 (J/K)  

**********----------**********
Title: dummy

T = 1415.00 (C)  P = 1.000 (kbars)  log(10) f O2 = -9.42  delta HM = -8.78  NNO = -4.02  QFM = -3.30  COH = -0.93  IW = 0.00

Constraint Flags: fO2 path = IW  Fractionate Solids  

Liquid           mass = 99.95 (gm)  density = 2.65 (gm/cc)  viscosity = 1.39 (log 10 poise)     (analysis in wt %)
 		G = -1695940.95 (J)  H = -1208350.48 (J)  S = 288.83 (J/K)  V = 37.70 (cc)  Cp = 152.92 (J/K)  
        SiO2   TiO2  Al2O3  Fe2O3  Cr2O3    FeO    MnO    MgO    NiO    CoO    CaO   Na2O    K2O   P2O5    H2O    CO2    SO3 Cl2O-1  F2O-1
       48.53   1.01  17.59   0.35   0.04   8.05   0.00   9.07   0.00   0.00  12.41   2.64   0.03   0.08   0.20   0.00   0.00   0.00   0.00

Total solids     mass = 0.00 (gm)  density = 0.00 (gm/cc)
                 G = 0.00 (J)  H = 0.00 (J)  S = 0.00 (J/K)  V = 0.00 (cc)  Cp = 0.00 (J/K)  

Summary of all fractionated phases: (total mass = 0.00 grams)

Viscosity of the System: 1.39 (log 10 poise)

System           mass = 99.95 (gm)  density = 2.65 (gm/cc)
                 G = -1695940.95 (J)  H = -1208350.48 (J)  S = 288.83 (J/K)  V = 37.70 (cc)  Cp = 152.92 (J/K)  

Oxygen           delta moles = -2.57346e-05  delta grams = -0.000823476
                 G = 10.18 (J)  H = -1.22 (J)  S = -0.01 (J/K)  V = -3.61 (cc)  Cp = -0.00 (J/K)  

**********----------**********
Title: dummy

T = 1410.00 (C)  P = 1.000 (kbars)  log(10) f O2 = -9.47  delta HM = -8.78  NNO = -4.02  QFM = -3.31  COH = -0.94  IW = 0.00

Constraint Flags: fO2 path = IW  Fractionate Solids  

Liquid           mass = 99.95 (gm)  density = 2.65 (gm/cc)  viscosity = 1.40 (log 10 poise)     (analysis in wt %)
 		G = -1694497.05 (J)  H = -1209114.57 (J)  S = 288.38 (J/K)  V = 37.68 (cc)  Cp = 152.92 (J/K)  
        SiO2   TiO2  Al2O3  Fe2O3  Cr2O3    FeO    MnO    MgO    NiO    CoO    CaO   Na2O    K2O   P2O5    H2O    CO2    SO3 Cl2O-1  F2O-1
       48.53   1.01  17.59   0.35   0.04   8.05   0.00   9.07   0.00   0.00  12.41   2.64   0.03   0.08   0.20   0.00   0.00   0.00   0.00

Total solids     mass = 0.00 (gm)  density = 0.00 (gm/cc)
                 G = 0.00 (J)  H = 0.00 (J)  S = 0.00 (J/K)  V = 0.00 (cc)  Cp = 0.00 (J/K)  

Summary of all fractionated phases: (total mass = 0.00 grams)

Viscosity of the System: 1.40 (log 10 poise)

System           mass = 99.95 (gm)  density = 2.65 (gm/cc)
                 G = -1694497.05 (J)  H = -1209114.57 (J)  S = 288.38 (J/K)  V = 37.68 (cc)  Cp = 152.92 (J/K)  

Oxygen           delta moles = -2.70355e-05  delta grams = -0.000865102
                 G = 10.66 (J)  H = -1.28 (J)  S = -0.01 (J/K)  V = -3.78 (cc)  Cp = -0.00 (J/K)  

**********----------**********
Title: dummy

T = 1405.00 (C)  P = 1.000 (kbars)  log(10) f O2 = -9.52  delta HM = -8.79  NNO = -4.02  QFM = -3.31  COH = -0.95  IW = 0.00

Constraint Flags: fO2 path = IW  Fractionate Solids  

Liquid           mass = 99.95 (gm)  density = 2.65 (gm/cc)  viscosity = 1.42 (log 10 poise)     (analysis in wt %)
 		G = -1693055.45 (J)  H = -1209878.68 (J)  S = 287.92 (J/K)  V = 37.67 (cc)  Cp = 152.92 (J/K)  
        SiO2   TiO2  Al2O3  Fe2O3  Cr2O3    FeO    MnO    MgO    NiO    CoO    CaO   Na2O    K2O   P2O5    H2O    CO2    SO3 Cl2O-1  F2O-1
       48.53   1.01  17.59   0.35   0.04   8.05   0.00   9.07   0.00   0.00  12.41   2.64   0.03   0.08   0.20   0.00   0.00   0.00   0.00

Total solids     mass = 0.00 (gm)  density = 0.00 (gm/cc)
                 G = 0.00 (J)  H = 0.00 (J)  S = 0.00 (J/K)  V = 0.00 (cc)  Cp = 0.00 (J/K)  

Summary of all fractionated phases: (total mass = 0.00 grams)

Viscosity of the System: 1.42 (log 10 poise)

System           mass = 99.95 (gm)  density = 2.65 (gm/cc)
                 G = -1693055.45 (J)  H = -1209878.68 (J)  S = 287.92 (J/K)  V = 37.67 (cc)  Cp = 152.92 (J/K)  

Oxygen           delta moles = -2.83114e-05  delta grams = -0.000905931
                 G = 11.12 (J)  H = -1.33 (J)  S = -0.01 (J/K)  V = -3.95 (cc)  Cp = -0.00 (J/K)  

**********----------**********
Title: dummy

T = 1400.00 (C)  P = 1.000 (kbars)  log(10) f O2 = -9.57  delta HM = -8.79  NNO = -4.03  QFM = -3.31  COH = -0.96  IW = 0.00

Constraint Flags: fO2 path = IW  Fractionate Solids  

Liquid           mass = 99.95 (gm)  density = 2.65 (gm/cc)  viscosity = 1.44 (log 10 poise)     (analysis in wt %)
 		G = -1691616.13 (J)  H = -1210642.79 (J)  S = 287.47 (J/K)  V = 37.66 (cc)  Cp = 152.92 (J/K)  
        SiO2   TiO2  Al2O3  Fe2O3  Cr2O3    FeO    MnO    MgO    NiO    CoO    CaO   Na2O    K2O   P2O5    H2O    CO2    SO3 Cl2O-1  F2O-1
       48.53   1.01  17.59   0.35   0.04   8.05   0.00   9.07   0.00   0.00  12.41   2.64   0.03   0.08   0.20   0.00   0.00   0.00   0.00

Total solids     mass = 0.00 (gm)  density = 0.00 (gm/cc)
                 G = 0.00 (J)  H = 0.00 (J)  S = 0.00 (J/K)  V = 0.00 (cc)  Cp = 0.00 (J/K)  

Summary of all fractionated phases: (total mass = 0.00 grams)

Viscosity of the System: 1.44 (log 10 poise)

System           mass = 99.95 (gm)  density = 2.65 (gm/cc)
                 G = -1691616.13 (J)  H = -1210642.79 (J)  S = 287.47 (J/K)  V = 37.66 (cc)  Cp = 152.92 (J/K)  

Oxygen           delta moles = -2.95622e-05  delta grams = -0.000945955
                 G = 11.57 (J)  H = -1.39 (J)  S = -0.01 (J/K)  V = -4.11 (cc)  Cp = -0.00 (J/K)  

**********----------**********
Title: dummy

T = 1395.00 (C)  P = 1.000 (kbars)  log(10) f O2 = -9.62  delta HM = -8.80  NNO = -4.03  QFM = -3.32  COH = -0.97  IW = 0.00

Constraint Flags: fO2 path = IW  Fractionate Solids  

Liquid           mass = 99.95 (gm)  density = 2.65 (gm/cc)  viscosity = 1.45 (log 10 poise)     (analysis in wt %)
 		G = -1690179.13 (J)  H = -1211406.92 (J)  S = 287.01 (J/K)  V = 37.65 (cc)  Cp = 152.92 (J/K)  
        SiO2   TiO2  Al2O3  Fe2O3  Cr2O3    FeO    MnO    MgO    NiO    CoO    CaO   Na2O    K2O   P2O5    H2O    CO2    SO3 Cl2O-1  F2O-1
       48.53   1.01  17.59   0.35   0.04   8.05   0.00   9.07   0.00   0.00  12.41   2.64   0.03   0.08   0.20   0.00   0.00   0.00   0.00

Total solids     mass = 0.00 (gm)  density = 0.00 (gm/cc)
                 G = 0.00 (J)  H = 0.00 (J)  S = 0.00 (J/K)  V = 0.00 (cc)  Cp = 0.00 (J/K)  

Summary of all fractionated phases: (total mass = 0.00 grams)

Viscosity of the System: 1.45 (log 10 poise)

System           mass = 99.95 (gm)  density = 2.65 (gm/cc)
                 G = -1690179.13 (J)  H = -1211406.92 (J)  S = 287.01 (J/K)  V = 37.65 (cc)  Cp = 152.92 (J/K)  

Oxygen           delta moles = -3.07876e-05  delta grams = -0.000985166
                 G = 12.01 (J)  H = -1.44 (J)  S = -0.01 (J/K)  V = -4.27 (cc)  Cp = -0.00 (J/K)  

**********----------**********
Title: dummy

T = 1390.00 (C)  P = 1.000 (kbars)  log(10) f O2 = -9.66  delta HM = -8.81  NNO = -4.03  QFM = -3.32  COH = -0.97  IW = 0.00

Constraint Flags: fO2 path = IW  Fractionate Solids  

Liquid           mass = 99.95 (gm)  density = 2.66 (gm/cc)  viscosity = 1.47 (log 10 poise)     (analysis in wt %)
 		G = -1688744.43 (J)  H = -1212171.05 (J)  S = 286.55 (J/K)  V = 37.63 (cc)  Cp = 152.92 (J/K)  
        SiO2   TiO2  Al2O3  Fe2O3  Cr2O3    FeO    MnO    MgO    NiO    CoO    CaO   Na2O    K2O   P2O5    H2O    CO2    SO3 Cl2O-1  F2O-1
       48.53   1.01  17.59   0.35   0.04   8.05   0.00   9.07   0.00   0.00  12.41   2.64   0.03   0.08   0.20   0.00   0.00   0.00   0.00

Total solids     mass = 0.00 (gm)  density = 0.00 (gm/cc)
                 G = 0.00 (J)  H = 0.00 (J)  S = 0.00 (J/K)  V = 0.00 (cc)  Cp = 0.00 (J/K)  

Summary of all fractionated phases: (total mass = 0.00 grams)

Viscosity of the System: 1.47 (log 10 poise)

System           mass = 99.95 (gm)  density = 2.66 (gm/cc)
                 G = -1688744.43 (J)  H = -1212171.05 (J)  S = 286.55 (J/K)  V = 37.63 (cc)  Cp = 152.92 (J/K)  

Oxygen           delta moles = -3.19874e-05  delta grams = -0.00102356
                 G = 12.44 (J)  H = -1.49 (J)  S = -0.01 (J/K)  V = -4.42 (cc)  Cp = -0.00 (J/K)  

**********----------**********
Title: dummy

T = 1385.00 (C)  P = 1.000 (kbars)  log(10) f O2 = -9.71  delta HM = -8.81  NNO = -4.04  QFM = -3.33  COH = -0.98  IW = 0.00

Constraint Flags: fO2 path = IW  Fractionate Solids  

Liquid           mass = 99.95 (gm)  density = 2.66 (gm/cc)  viscosity = 1.49 (log 10 poise)     (analysis in wt %)
 		G = -1687312.05 (J)  H = -1212935.18 (J)  S = 286.09 (J/K)  V = 37.62 (cc)  Cp = 152.92 (J/K)  
        SiO2   TiO2  Al2O3  Fe2O3  Cr2O3    FeO    MnO    MgO    NiO    CoO    CaO   Na2O    K2O   P2O5    H2O    CO2    SO3 Cl2O-1  F2O-1
       48.53   1.01  17.59   0.35   0.04   8.05   0.00   9.07   0.00   0.00  12.41   2.64   0.03   0.08   0.20   0.00   0.00   0.00   0.00

Total solids     mass = 0.00 (gm)  density = 0.00 (gm/cc)
                 G = 0.00 (J)  H = 0.00 (J)  S = 0.00 (J/K)  V = 0.00 (cc)  Cp = 0.00 (J/K)  

Summary of all fractionated phases: (total mass = 0.00 grams)

Viscosity of the System: 1.49 (log 10 poise)

System           mass = 99.95 (gm)  density = 2.66 (gm/cc)
                 G = -1687312.05 (J)  H = -1212935.18 (J)  S = 286.09 (J/K)  V = 37.62 (cc)  Cp = 152.92 (J/K)  

Oxygen           delta moles = -3.31613e-05  delta grams = -0.00106112
                 G = 12.85 (J)  H = -1.54 (J)  S = -0.01 (J/K)  V = -4.57 (cc)  Cp = -0.00 (J/K)  

**********----------**********
Title: dummy

T = 1380.00 (C)  P = 1.000 (kbars)  log(10) f O2 = -9.76  delta HM = -8.82  NNO = -4.04  QFM = -3.33  COH = -0.99  IW = 0.00

Constraint Flags: fO2 path = IW  Fractionate Solids  

Liquid           mass = 99.95 (gm)  density = 2.66 (gm/cc)  viscosity = 1.50 (log 10 poise)     (analysis in wt %)
 		G = -1685882.00 (J)  H = -1213699.33 (J)  S = 285.63 (J/K)  V = 37.61 (cc)  Cp = 152.92 (J/K)  
        SiO2   TiO2  Al2O3  Fe2O3  Cr2O3    FeO    MnO    MgO    NiO    CoO    CaO   Na2O    K2O   P2O5    H2O    CO2    SO3 Cl2O-1  F2O-1
       48.53   1.01  17.59   0.35   0.04   8.05   0.00   9.07   0.00   0.00  12.41   2.64   0.03   0.08   0.20   0.00   0.00   0.00   0.00

Total solids     mass = 0.00 (gm)  density = 0.00 (gm/cc)
                 G = 0.00 (J)  H = 0.00 (J)  S = 0.00 (J/K)  V = 0.00 (cc)  Cp = 0.00 (J/K)  

Summary of all fractionated phases: (total mass = 0.00 grams)

Viscosity of the System: 1.50 (log 10 poise)

System           mass = 99.95 (gm)  density = 2.66 (gm/cc)
                 G = -1685882.00 (J)  H = -1213699.33 (J)  S = 285.63 (J/K)  V = 37.61 (cc)  Cp = 152.92 (J/K)  

Oxygen           delta moles = -3.43092e-05  delta grams = -0.00109785
                 G = 13.25 (J)  H = -1.59 (J)  S = -0.01 (J/K)  V = -4.72 (cc)  Cp = -0.00 (J/K)  

**********----------**********
Title: dummy

T = 1375.00 (C)  P = 1.000 (kbars)  log(10) f O2 = -9.81  delta HM = -8.82  NNO = -4.04  QFM = -3.34  COH = -1.00  IW = 0.00

Constraint Flags: fO2 path = IW  Fractionate Solids  

Liquid           mass = 99.95 (gm)  density = 2.66 (gm/cc)  viscosity = 1.52 (log 10 poise)     (analysis in wt %)
 		G = -1684454.28 (J)  H = -1214463.49 (J)  S = 285.16 (J/K)  V = 37.59 (cc)  Cp = 152.92 (J/K)  
        SiO2   TiO2  Al2O3  Fe2O3  Cr2O3    FeO    MnO    MgO    NiO    CoO    CaO   Na2O    K2O   P2O5    H2O    CO2    SO3 Cl2O-1  F2O-1
       48.53   1.01  17.59   0.35   0.04   8.05   0.00   9.07   0.00   0.00  12.41   2.64   0.03   0.08   0.20   0.00   0.00   0.00   0.00

Total solids     mass = 0.00 (gm)  density = 0.00 (gm/cc)
                 G = 0.00 (J)  H = 0.00 (J)  S = 0.00 (J/K)  V = 0.00 (cc)  Cp = 0.00 (J/K)  

Summary of all fractionated phases: (total mass = 0.00 grams)

Viscosity of the System: 1.52 (log 10 poise)

System           mass = 99.95 (gm)  density = 2.66 (gm/cc)
                 G = -1684454.28 (J)  H = -1214463.49 (J)  S = 285.16 (J/K)  V = 37.59 (cc)  Cp = 152.92 (J/K)  

Oxygen           delta moles = -3.54307e-05  delta grams = -0.00113374
                 G = 13.64 (J)  H = -1.63 (J)  S = -0.01 (J/K)  V = -4.86 (cc)  Cp = -0.00 (J/K)  

**********----------**********
Title: dummy

T = 1370.00 (C)  P = 1.000 (kbars)  log(10) f O2 = -9.86  delta HM = -8.83  NNO = -4.05  QFM = -3.34  COH = -1.01  IW = 0.00

Constraint Flags: fO2 path = IW  Fractionate Solids  

Liquid           mass = 99.95 (gm)  density = 2.66 (gm/cc)  viscosity = 1.54 (log 10 poise)     (analysis in wt %)
 		G = -1683028.90 (J)  H = -1215227.65 (J)  S = 284.70 (J/K)  V = 37.58 (cc)  Cp = 152.92 (J/K)  
        SiO2   TiO2  Al2O3  Fe2O3  Cr2O3    FeO    MnO    MgO    NiO    CoO    CaO   Na2O    K2O   P2O5    H2O    CO2    SO3 Cl2O-1  F2O-1
       48.53   1.01  17.59   0.35   0.04   8.05   0.00   9.07   0.00   0.00  12.41   2.64   0.03   0.08   0.20   0.00   0.00   0.00   0.00

Total solids     mass = 0.00 (gm)  density = 0.00 (gm/cc)
                 G = 0.00 (J)  H = 0.00 (J)  S = 0.00 (J/K)  V = 0.00 (cc)  Cp = 0.00 (J/K)  

Summary of all fractionated phases: (total mass = 0.00 grams)

Viscosity of the System: 1.54 (log 10 poise)

System           mass = 99.95 (gm)  density = 2.66 (gm/cc)
                 G = -1683028.90 (J)  H = -1215227.65 (J)  S = 284.70 (J/K)  V = 37.58 (cc)  Cp = 152.92 (J/K)  

Oxygen           delta moles = -3.65256e-05  delta grams = -0.00116877
                 G = 14.01 (J)  H = -1.67 (J)  S = -0.01 (J/K)  V = -4.99 (cc)  Cp = -0.00 (J/K)  

**********----------**********
Title: dummy

T = 1365.00 (C)  P = 1.000 (kbars)  log(10) f O2 = -9.91  delta HM = -8.83  NNO = -4.05  QFM = -3.35  COH = -1.02  IW = 0.00

Constraint Flags: fO2 path = IW  Fractionate Solids  

Liquid           mass = 99.95 (gm)  density = 2.66 (gm/cc)  viscosity = 1.56 (log 10 poise)     (analysis in wt %)
 		G = -1681605.86 (J)  H = -1215991.82 (J)  S = 284.23 (J/K)  V = 37.57 (cc)  Cp = 152.92 (J/K)  
        SiO2   TiO2  Al2O3  Fe2O3  Cr2O3    FeO    MnO    MgO    NiO    CoO    CaO   Na2O    K2O   P2O5    H2O    CO2    SO3 Cl2O-1  F2O-1
       48.53   1.01  17.59   0.34   0.04   8.05   0.00   9.07   0.00   0.00  12.41   2.64   0.03   0.08   0.20   0.00   0.00   0.00   0.00

Total solids     mass = 0.00 (gm)  density = 0.00 (gm/cc)
                 G = 0.00 (J)  H = 0.00 (J)  S = 0.00 (J/K)  V = 0.00 (cc)  Cp = 0.00 (J/K)  

Summary of all fractionated phases: (total mass = 0.00 grams)

Viscosity of the System: 1.56 (log 10 poise)

System           mass = 99.95 (gm)  density = 2.66 (gm/cc)
                 G = -1681605.86 (J)  H = -1215991.82 (J)  S = 284.23 (J/K)  V = 37.57 (cc)  Cp = 152.92 (J/K)  

Oxygen           delta moles = -3.75937e-05  delta grams = -0.00120295
                 G = 14.37 (J)  H = -1.72 (J)  S = -0.01 (J/K)  V = -5.12 (cc)  Cp = -0.00 (J/K)  

**********----------**********
Title: dummy

T = 1360.00 (C)  P = 1.000 (kbars)  log(10) f O2 = -9.96  delta HM = -8.84  NNO = -4.06  QFM = -3.35  COH = -1.03  IW = 0.00

Constraint Flags: fO2 path = IW  Fractionate Solids  

Liquid           mass = 99.95 (gm)  density = 2.66 (gm/cc)  viscosity = 1.57 (log 10 poise)     (analysis in wt %)
 		G = -1680185.18 (J)  H = -1216756.00 (J)  S = 283.76 (J/K)  V = 37.56 (cc)  Cp = 152.92 (J/K)  
        SiO2   TiO2  Al2O3  Fe2O3  Cr2O3    FeO    MnO    MgO    NiO    CoO    CaO   Na2O    K2O   P2O5    H2O    CO2    SO3 Cl2O-1  F2O-1
       48.53   1.01  17.59   0.34   0.04   8.06   0.00   9.07   0.00   0.00  12.41   2.64   0.03   0.08   0.20   0.00   0.00   0.00   0.00

Total solids     mass = 0.00 (gm)  density = 0.00 (gm/cc)
                 G = 0.00 (J)  H = 0.00 (J)  S = 0.00 (J/K)  V = 0.00 (cc)  Cp = 0.00 (J/K)  

Summary of all fractionated phases: (total mass = 0.00 grams)

Viscosity of the System: 1.57 (log 10 poise)

System           mass = 99.95 (gm)  density = 2.66 (gm/cc)
                 G = -1680185.18 (J)  H = -1216756.00 (J)  S = 283.76 (J/K)  V = 37.56 (cc)  Cp = 152.92 (J/K)  

Oxygen           delta moles = -3.86346e-05  delta grams = -0.00123626
                 G = 14.72 (J)  H = -1.76 (J)  S = -0.01 (J/K)  V = -5.25 (cc)  Cp = -0.00 (J/K)  

**********----------**********
Title: dummy

T = 1355.00 (C)  P = 1.000 (kbars)  log(10) f O2 = -10.01  delta HM = -8.84  NNO = -4.06  QFM = -3.36  COH = -1.03  IW = 0.00

Constraint Flags: fO2 path = IW  Fractionate Solids  

Liquid           mass = 99.95 (gm)  density = 2.66 (gm/cc)  viscosity = 1.59 (log 10 poise)     (analysis in wt %)
 		G = -1678766.86 (J)  H = -1217520.19 (J)  S = 283.29 (J/K)  V = 37.54 (cc)  Cp = 152.92 (J/K)  
        SiO2   TiO2  Al2O3  Fe2O3  Cr2O3    FeO    MnO    MgO    NiO    CoO    CaO   Na2O    K2O   P2O5    H2O    CO2    SO3 Cl2O-1  F2O-1
       48.53   1.01  17.59   0.34   0.04   8.06   0.00   9.07   0.00   0.00  12.41   2.64   0.03   0.08   0.20   0.00   0.00   0.00   0.00

Total solids     mass = 0.00 (gm)  density = 0.00 (gm/cc)
                 G = 0.00 (J)  H = 0.00 (J)  S = 0.00 (J/K)  V = 0.00 (cc)  Cp = 0.00 (J/K)  

Summary of all fractionated phases: (total mass = 0.00 grams)

Viscosity of the System: 1.59 (log 10 poise)

System           mass = 99.95 (gm)  density = 2.66 (gm/cc)
                 G = -1678766.86 (J)  H = -1217520.19 (J)  S = 283.29 (J/K)  V = 37.54 (cc)  Cp = 152.92 (J/K)  

Oxygen           delta moles = -3.96482e-05  delta grams = -0.00126869
                 G = 15.06 (J)  H = -1.80 (J)  S = -0.01 (J/K)  V = -5.37 (cc)  Cp = -0.00 (J/K)  

**********----------**********
Title: dummy

T = 1350.00 (C)  P = 1.000 (kbars)  log(10) f O2 = -10.06  delta HM = -8.85  NNO = -4.06  QFM = -3.36  COH = -1.04  IW = 0.00

Constraint Flags: fO2 path = IW  Fractionate Solids  

Liquid           mass = 99.95 (gm)  density = 2.66 (gm/cc)  viscosity = 1.61 (log 10 poise)     (analysis in wt %)
 		G = -1677350.90 (J)  H = -1218284.39 (J)  S = 282.82 (J/K)  V = 37.53 (cc)  Cp = 152.92 (J/K)  
        SiO2   TiO2  Al2O3  Fe2O3  Cr2O3    FeO    MnO    MgO    NiO    CoO    CaO   Na2O    K2O   P2O5    H2O    CO2    SO3 Cl2O-1  F2O-1
       48.53   1.01  17.59   0.34   0.04   8.06   0.00   9.07   0.00   0.00  12.41   2.64   0.03   0.08   0.20   0.00   0.00   0.00   0.00

Total solids     mass = 0.00 (gm)  density = 0.00 (gm/cc)
                 G = 0.00 (J)  H = 0.00 (J)  S = 0.00 (J/K)  V = 0.00 (cc)  Cp = 0.00 (J/K)  

Summary of all fractionated phases: (total mass = 0.00 grams)

Viscosity of the System: 1.61 (log 10 poise)

System           mass = 99.95 (gm)  density = 2.66 (gm/cc)
                 G = -1677350.90 (J)  H = -1218284.39 (J)  S = 282.82 (J/K)  V = 37.53 (cc)  Cp = 152.92 (J/K)  

Oxygen           delta moles = -4.06341e-05  delta grams = -0.00130024
                 G = 15.38 (J)  H = -1.83 (J)  S = -0.01 (J/K)  V = -5.48 (cc)  Cp = -0.00 (J/K)  

**********----------**********
Title: dummy

T = 1345.00 (C)  P = 1.000 (kbars)  log(10) f O2 = -10.11  delta HM = -8.85  NNO = -4.07  QFM = -3.37  COH = -1.05  IW = 0.00

Constraint Flags: fO2 path = IW  Fractionate Solids  

Liquid           mass = 99.95 (gm)  density = 2.66 (gm/cc)  viscosity = 1.63 (log 10 poise)     (analysis in wt %)
 		G = -1675937.33 (J)  H = -1219048.60 (J)  S = 282.35 (J/K)  V = 37.52 (cc)  Cp = 152.92 (J/K)  
        SiO2   TiO2  Al2O3  Fe2O3  Cr2O3    FeO    MnO    MgO    NiO    CoO    CaO   Na2O    K2O   P2O5    H2O    CO2    SO3 Cl2O-1  F2O-1
       48.53   1.01  17.59   0.34   0.04   8.06   0.00   9.07   0.00   0.00  12.41   2.64   0.03   0.08   0.20   0.00   0.00   0.00   0.00

Total solids     mass = 0.00 (gm)  density = 0.00 (gm/cc)
                 G = 0.00 (J)  H = 0.00 (J)  S = 0.00 (J/K)  V = 0.00 (cc)  Cp = 0.00 (J/K)  

Summary of all fractionated phases: (total mass = 0.00 grams)

Viscosity of the System: 1.63 (log 10 poise)

System           mass = 99.95 (gm)  density = 2.66 (gm/cc)
                 G = -1675937.33 (J)  H = -1219048.60 (J)  S = 282.35 (J/K)  V = 37.52 (cc)  Cp = 152.92 (J/K)  

Oxygen           delta moles = -4.15922e-05  delta grams = -0.0013309
                 G = 15.69 (J)  H = -1.87 (J)  S = -0.01 (J/K)  V = -5.60 (cc)  Cp = -0.00 (J/K)  

**********----------**********
Title: dummy

T = 1340.00 (C)  P = 1.000 (kbars)  log(10) f O2 = -10.16  delta HM = -8.86  NNO = -4.07  QFM = -3.37  COH = -1.06  IW = 0.00

Constraint Flags: fO2 path = IW  Fractionate Solids  

Liquid           mass = 99.95 (gm)  density = 2.66 (gm/cc)  viscosity = 1.65 (log 10 poise)     (analysis in wt %)
 		G = -1674526.13 (J)  H = -1219812.82 (J)  S = 281.88 (J/K)  V = 37.50 (cc)  Cp = 152.92 (J/K)  
        SiO2   TiO2  Al2O3  Fe2O3  Cr2O3    FeO    MnO    MgO    NiO    CoO    CaO   Na2O    K2O   P2O5    H2O    CO2    SO3 Cl2O-1  F2O-1
       48.53   1.01  17.59   0.34   0.04   8.06   0.00   9.07   0.00   0.00  12.41   2.64   0.03   0.08   0.20   0.00   0.00   0.00   0.00

Total solids     mass = 0.00 (gm)  density = 0.00 (gm/cc)
                 G = 0.00 (J)  H = 0.00 (J)  S = 0.00 (J/K)  V = 0.00 (cc)  Cp = 0.00 (J/K)  

Summary of all fractionated phases: (total mass = 0.00 grams)

Viscosity of the System: 1.65 (log 10 poise)

System           mass = 99.95 (gm)  density = 2.66 (gm/cc)
                 G = -1674526.13 (J)  H = -1219812.82 (J)  S = 281.88 (J/K)  V = 37.50 (cc)  Cp = 152.92 (J/K)  

Oxygen           delta moles = -4.2522e-05  delta grams = -0.00136065
                 G = 15.98 (J)  H = -1.90 (J)  S = -0.01 (J/K)  V = -5.70 (cc)  Cp = -0.00 (J/K)  

**********----------**********
Title: dummy

T = 1335.00 (C)  P = 1.000 (kbars)  log(10) f O2 = -10.22  delta HM = -8.87  NNO = -4.07  QFM = -3.38  COH = -1.07  IW = 0.00

Constraint Flags: fO2 path = IW  Fractionate Solids  

Liquid           mass = 99.95 (gm)  density = 2.67 (gm/cc)  viscosity = 1.66 (log 10 poise)     (analysis in wt %)
 		G = -1673117.32 (J)  H = -1220577.05 (J)  S = 281.40 (J/K)  V = 37.49 (cc)  Cp = 152.92 (J/K)  
        SiO2   TiO2  Al2O3  Fe2O3  Cr2O3    FeO    MnO    MgO    NiO    CoO    CaO   Na2O    K2O   P2O5    H2O    CO2    SO3 Cl2O-1  F2O-1
       48.53   1.01  17.59   0.34   0.04   8.06   0.00   9.07   0.00   0.00  12.41   2.64   0.03   0.08   0.20   0.00   0.00   0.00   0.00

Total solids     mass = 0.00 (gm)  density = 0.00 (gm/cc)
                 G = 0.00 (J)  H = 0.00 (J)  S = 0.00 (J/K)  V = 0.00 (cc)  Cp = 0.00 (J/K)  

Summary of all fractionated phases: (total mass = 0.00 grams)

Viscosity of the System: 1.66 (log 10 poise)

System           mass = 99.95 (gm)  density = 2.67 (gm/cc)
                 G = -1673117.32 (J)  H = -1220577.05 (J)  S = 281.40 (J/K)  V = 37.49 (cc)  Cp = 152.92 (J/K)  

Oxygen           delta moles = -4.34233e-05  delta grams = -0.00138949
                 G = 16.26 (J)  H = -1.93 (J)  S = -0.01 (J/K)  V = -5.81 (cc)  Cp = -0.00 (J/K)  

**********----------**********
Title: dummy

T = 1330.00 (C)  P = 1.000 (kbars)  log(10) f O2 = -10.27  delta HM = -8.87  NNO = -4.08  QFM = -3.38  COH = -1.08  IW = 0.00

Constraint Flags: fO2 path = IW  Fractionate Solids  

Liquid           mass = 99.95 (gm)  density = 2.67 (gm/cc)  viscosity = 1.68 (log 10 poise)     (analysis in wt %)
 		G = -1671710.92 (J)  H = -1221341.28 (J)  S = 280.93 (J/K)  V = 37.48 (cc)  Cp = 152.92 (J/K)  
        SiO2   TiO2  Al2O3  Fe2O3  Cr2O3    FeO    MnO    MgO    NiO    CoO    CaO   Na2O    K2O   P2O5    H2O    CO2    SO3 Cl2O-1  F2O-1
       48.53   1.01  17.59   0.34   0.04   8.06   0.00   9.07   0.00   0.00  12.41   2.64   0.03   0.08   0.20   0.00   0.00   0.00   0.00

Total solids     mass = 0.00 (gm)  density = 0.00 (gm/cc)
                 G = 0.00 (J)  H = 0.00 (J)  S = 0.00 (J/K)  V = 0.00 (cc)  Cp = 0.00 (J/K)  

Summary of all fractionated phases: (total mass = 0.00 grams)

Viscosity of the System: 1.68 (log 10 poise)

System           mass = 99.95 (gm)  density = 2.67 (gm/cc)
                 G = -1671710.92 (J)  H = -1221341.28 (J)  S = 280.93 (J/K)  V = 37.48 (cc)  Cp = 152.92 (J/K)  

Oxygen           delta moles = -4.42958e-05  delta grams = -0.00141741
                 G = 16.53 (J)  H = -1.97 (J)  S = -0.01 (J/K)  V = -5.90 (cc)  Cp = -0.00 (J/K)  

**********----------**********
Title: dummy

T = 1325.00 (C)  P = 1.000 (kbars)  log(10) f O2 = -10.32  delta HM = -8.88  NNO = -4.08  QFM = -3.38  COH = -1.09  IW = 0.00

Constraint Flags: fO2 path = IW  Fractionate Solids  

Liquid           mass = 99.95 (gm)  density = 2.67 (gm/cc)  viscosity = 1.70 (log 10 poise)     (analysis in wt %)
 		G = -1670306.91 (J)  H = -1222105.53 (J)  S = 280.45 (J/K)  V = 37.47 (cc)  Cp = 152.92 (J/K)  
        SiO2   TiO2  Al2O3  Fe2O3  Cr2O3    FeO    MnO    MgO    NiO    CoO    CaO   Na2O    K2O   P2O5    H2O    CO2    SO3 Cl2O-1  F2O-1
       48.53   1.01  17.59   0.34   0.04   8.06   0.00   9.07   0.00   0.00  12.41   2.64   0.03   0.08   0.20   0.00   0.00   0.00   0.00

Total solids     mass = 0.00 (gm)  density = 0.00 (gm/cc)
                 G = 0.00 (J)  H = 0.00 (J)  S = 0.00 (J/K)  V = 0.00 (cc)  Cp = 0.00 (J/K)  

Summary of all fractionated phases: (total mass = 0.00 grams)

Viscosity of the System: 1.70 (log 10 poise)

System           mass = 99.95 (gm)  density = 2.67 (gm/cc)
                 G = -1670306.91 (J)  H = -1222105.53 (J)  S = 280.45 (J/K)  V = 37.47 (cc)  Cp = 152.92 (J/K)  

Oxygen           delta moles = -4.51392e-05  delta grams = -0.0014444
                 G = 16.79 (J)  H = -1.99 (J)  S = -0.01 (J/K)  V = -6.00 (cc)  Cp = -0.00 (J/K)  

**********----------**********
Title: dummy

T = 1320.00 (C)  P = 1.000 (kbars)  log(10) f O2 = -10.37  delta HM = -8.88  NNO = -4.08  QFM = -3.39  COH = -1.10  IW = 0.00

Constraint Flags: fO2 path = IW  Fractionate Solids  

Liquid           mass = 99.95 (gm)  density = 2.67 (gm/cc)  viscosity = 1.72 (log 10 poise)     (analysis in wt %)
 		G = -1668905.32 (J)  H = -1222869.79 (J)  S = 279.97 (J/K)  V = 37.45 (cc)  Cp = 152.92 (J/K)  
        SiO2   TiO2  Al2O3  Fe2O3  Cr2O3    FeO    MnO    MgO    NiO    CoO    CaO   Na2O    K2O   P2O5    H2O    CO2    SO3 Cl2O-1  F2O-1
       48.53   1.01  17.59   0.34   0.04   8.06   0.00   9.07   0.00   0.00  12.41   2.64   0.03   0.08   0.20   0.00   0.00   0.00   0.00

Total solids     mass = 0.00 (gm)  density = 0.00 (gm/cc)
                 G = 0.00 (J)  H = 0.00 (J)  S = 0.00 (J/K)  V = 0.00 (cc)  Cp = 0.00 (J/K)  

Summary of all fractionated phases: (total mass = 0.00 grams)

Viscosity of the System: 1.72 (log 10 poise)

System           mass = 99.95 (gm)  density = 2.67 (gm/cc)
                 G = -1668905.32 (J)  H = -1222869.79 (J)  S = 279.97 (J/K)  V = 37.45 (cc)  Cp = 152.92 (J/K)  

Oxygen           delta moles = -4.59532e-05  delta grams = -0.00147045
                 G = 17.03 (J)  H = -2.02 (J)  S = -0.01 (J/K)  V = -6.09 (cc)  Cp = -0.00 (J/K)  

**********----------**********
Title: dummy

T = 1315.00 (C)  P = 1.000 (kbars)  log(10) f O2 = -10.43  delta HM = -8.89  NNO = -4.09  QFM = -3.39  COH = -1.11  IW = 0.00

Constraint Flags: fO2 path = IW  Fractionate Solids  

Liquid           mass = 99.95 (gm)  density = 2.67 (gm/cc)  viscosity = 1.74 (log 10 poise)     (analysis in wt %)
 		G = -1667506.15 (J)  H = -1223634.06 (J)  S = 279.49 (J/K)  V = 37.44 (cc)  Cp = 152.92 (J/K)  
        SiO2   TiO2  Al2O3  Fe2O3  Cr2O3    FeO    MnO    MgO    NiO    CoO    CaO   Na2O    K2O   P2O5    H2O    CO2    SO3 Cl2O-1  F2O-1
       48.53   1.01  17.59   0.34   0.04   8.06   0.00   9.07   0.00   0.00  12.41   2.64   0.03   0.08   0.20   0.00   0.00   0.00   0.00

Total solids     mass = 0.00 (gm)  density = 0.00 (gm/cc)
                 G = 0.00 (J)  H = 0.00 (J)  S = 0.00 (J/K)  V = 0.00 (cc)  Cp = 0.00 (J/K)  

Summary of all fractionated phases: (total mass = 0.00 grams)

Viscosity of the System: 1.74 (log 10 poise)

System           mass = 99.95 (gm)  density = 2.67 (gm/cc)
                 G = -1667506.15 (J)  H = -1223634.06 (J)  S = 279.49 (J/K)  V = 37.44 (cc)  Cp = 152.92 (J/K)  

Oxygen           delta moles = -4.67375e-05  delta grams = -0.00149555
                 G = 17.26 (J)  H = -2.05 (J)  S = -0.01 (J/K)  V = -6.17 (cc)  Cp = -0.00 (J/K)  

**********----------**********
Title: dummy

T = 1310.00 (C)  P = 1.000 (kbars)  log(10) f O2 = -10.48  delta HM = -8.90  NNO = -4.09  QFM = -3.40  COH = -1.12  IW = 0.00

Constraint Flags: fO2 path = IW  Fractionate Solids  

Liquid           mass = 99.95 (gm)  density = 2.67 (gm/cc)  viscosity = 1.76 (log 10 poise)     (analysis in wt %)
 		G = -1666109.41 (J)  H = -1224398.34 (J)  S = 279.01 (J/K)  V = 37.43 (cc)  Cp = 152.92 (J/K)  
        SiO2   TiO2  Al2O3  Fe2O3  Cr2O3    FeO    MnO    MgO    NiO    CoO    CaO   Na2O    K2O   P2O5    H2O    CO2    SO3 Cl2O-1  F2O-1
       48.53   1.01  17.59   0.34   0.04   8.06   0.00   9.07   0.00   0.00  12.41   2.64   0.03   0.08   0.20   0.00   0.00   0.00   0.00

Total solids     mass = 0.00 (gm)  density = 0.00 (gm/cc)
                 G = 0.00 (J)  H = 0.00 (J)  S = 0.00 (J/K)  V = 0.00 (cc)  Cp = 0.00 (J/K)  

Summary of all fractionated phases: (total mass = 0.00 grams)

Viscosity of the System: 1.76 (log 10 poise)

System           mass = 99.95 (gm)  density = 2.67 (gm/cc)
                 G = -1666109.41 (J)  H = -1224398.34 (J)  S = 279.01 (J/K)  V = 37.43 (cc)  Cp = 152.92 (J/K)  

Oxygen           delta moles = -4.74918e-05  delta grams = -0.00151968
                 G = 17.48 (J)  H = -2.07 (J)  S = -0.01 (J/K)  V = -6.25 (cc)  Cp = -0.00 (J/K)  

**********----------**********
Title: dummy

T = 1305.00 (C)  P = 1.000 (kbars)  log(10) f O2 = -10.53  delta HM = -8.90  NNO = -4.10  QFM = -3.40  COH = -1.13  IW = 0.00

Constraint Flags: fO2 path = IW  Fractionate Solids  

Liquid           mass = 99.95 (gm)  density = 2.67 (gm/cc)  viscosity = 1.77 (log 10 poise)     (analysis in wt %)
 		G = -1664715.11 (J)  H = -1225162.63 (J)  S = 278.52 (J/K)  V = 37.41 (cc)  Cp = 152.92 (J/K)  
        SiO2   TiO2  Al2O3  Fe2O3  Cr2O3    FeO    MnO    MgO    NiO    CoO    CaO   Na2O    K2O   P2O5    H2O    CO2    SO3 Cl2O-1  F2O-1
       48.53   1.01  17.59   0.34   0.04   8.06   0.00   9.07   0.00   0.00  12.41   2.64   0.03   0.08   0.20   0.00   0.00   0.00   0.00

Total solids     mass = 0.00 (gm)  density = 0.00 (gm/cc)
                 G = 0.00 (J)  H = 0.00 (J)  S = 0.00 (J/K)  V = 0.00 (cc)  Cp = 0.00 (J/K)  

Summary of all fractionated phases: (total mass = 0.00 grams)

Viscosity of the System: 1.77 (log 10 poise)

System           mass = 99.95 (gm)  density = 2.67 (gm/cc)
                 G = -1664715.11 (J)  H = -1225162.63 (J)  S = 278.52 (J/K)  V = 37.41 (cc)  Cp = 152.92 (J/K)  

Oxygen           delta moles = -4.82157e-05  delta grams = -0.00154284
                 G = 17.68 (J)  H = -2.09 (J)  S = -0.01 (J/K)  V = -6.33 (cc)  Cp = -0.00 (J/K)  

**********----------**********
Title: dummy

T = 1300.00 (C)  P = 1.000 (kbars)  log(10) f O2 = -10.59  delta HM = -8.91  NNO = -4.10  QFM = -3.41  COH = -1.14  IW = 0.00

Constraint Flags: fO2 path = IW  Fractionate Solids  

Liquid           mass = 99.95 (gm)  density = 2.67 (gm/cc)  viscosity = 1.79 (log 10 poise)     (analysis in wt %)
 		G = -1663323.25 (J)  H = -1225926.93 (J)  S = 278.04 (J/K)  V = 37.40 (cc)  Cp = 152.92 (J/K)  
        SiO2   TiO2  Al2O3  Fe2O3  Cr2O3    FeO    MnO    MgO    NiO    CoO    CaO   Na2O    K2O   P2O5    H2O    CO2    SO3 Cl2O-1  F2O-1
       48.53   1.01  17.59   0.34   0.04   8.06   0.00   9.07   0.00   0.00  12.41   2.64   0.03   0.08   0.20   0.00   0.00   0.00   0.00

Total solids     mass = 0.00 (gm)  density = 0.00 (gm/cc)
                 G = 0.00 (J)  H = 0.00 (J)  S = 0.00 (J/K)  V = 0.00 (cc)  Cp = 0.00 (J/K)  

Summary of all fractionated phases: (total mass = 0.00 grams)

Viscosity of the System: 1.79 (log 10 poise)

System           mass = 99.95 (gm)  density = 2.67 (gm/cc)
                 G = -1663323.25 (J)  H = -1225926.93 (J)  S = 278.04 (J/K)  V = 37.40 (cc)  Cp = 152.92 (J/K)  

Oxygen           delta moles = -4.89089e-05  delta grams = -0.00156502
                 G = 17.87 (J)  H = -2.12 (J)  S = -0.01 (J/K)  V = -6.40 (cc)  Cp = -0.00 (J/K)  

**********----------**********
Title: dummy

T = 1295.00 (C)  P = 1.000 (kbars)  log(10) f O2 = -10.64  delta HM = -8.91  NNO = -4.10  QFM = -3.41  COH = -1.15  IW = 0.00

Constraint Flags: fO2 path = IW  Fractionate Solids  

Liquid           mass = 99.95 (gm)  density = 2.67 (gm/cc)  viscosity = 1.81 (log 10 poise)     (analysis in wt %)
 		G = -1661933.83 (J)  H = -1226691.24 (J)  S = 277.55 (J/K)  V = 37.39 (cc)  Cp = 152.92 (J/K)  
        SiO2   TiO2  Al2O3  Fe2O3  Cr2O3    FeO    MnO    MgO    NiO    CoO    CaO   Na2O    K2O   P2O5    H2O    CO2    SO3 Cl2O-1  F2O-1
       48.53   1.01  17.59   0.34   0.04   8.06   0.00   9.07   0.00   0.00  12.41   2.64   0.03   0.08   0.20   0.00   0.00   0.00   0.00

Total solids     mass = 0.00 (gm)  density = 0.00 (gm/cc)
                 G = 0.00 (J)  H = 0.00 (J)  S = 0.00 (J/K)  V = 0.00 (cc)  Cp = 0.00 (J/K)  

Summary of all fractionated phases: (total mass = 0.00 grams)

Viscosity of the System: 1.81 (log 10 poise)

System           mass = 99.95 (gm)  density = 2.67 (gm/cc)
                 G = -1661933.83 (J)  H = -1226691.24 (J)  S = 277.55 (J/K)  V = 37.39 (cc)  Cp = 152.92 (J/K)  

Oxygen           delta moles = -4.9571e-05  delta grams = -0.00158621
                 G = 18.05 (J)  H = -2.14 (J)  S = -0.01 (J/K)  V = -6.46 (cc)  Cp = -0.00 (J/K)  

**********----------**********
Title: dummy

T = 1290.00 (C)  P = 1.000 (kbars)  log(10) f O2 = -10.70  delta HM = -8.92  NNO = -4.11  QFM = -3.42  COH = -1.15  IW = 0.00

Constraint Flags: fO2 path = IW  Fractionate Solids  

Liquid           mass = 99.95 (gm)  density = 2.67 (gm/cc)  viscosity = 1.83 (log 10 poise)     (analysis in wt %)
 		G = -1660546.88 (J)  H = -1227455.56 (J)  S = 277.06 (J/K)  V = 37.38 (cc)  Cp = 152.92 (J/K)  
        SiO2   TiO2  Al2O3  Fe2O3  Cr2O3    FeO    MnO    MgO    NiO    CoO    CaO   Na2O    K2O   P2O5    H2O    CO2    SO3 Cl2O-1  F2O-1
       48.53   1.01  17.59   0.34   0.04   8.06   0.00   9.07   0.00   0.00  12.41   2.64   0.03   0.08   0.20   0.00   0.00   0.00   0.00

Total solids     mass = 0.00 (gm)  density = 0.00 (gm/cc)
                 G = 0.00 (J)  H = 0.00 (J)  S = 0.00 (J/K)  V = 0.00 (cc)  Cp = 0.00 (J/K)  

Summary of all fractionated phases: (total mass = 0.00 grams)

Viscosity of the System: 1.83 (log 10 poise)

System           mass = 99.95 (gm)  density = 2.67 (gm/cc)
                 G = -1660546.88 (J)  H = -1227455.56 (J)  S = 277.06 (J/K)  V = 37.38 (cc)  Cp = 152.92 (J/K)  

Oxygen           delta moles = -5.02017e-05  delta grams = -0.0016064
                 G = 18.21 (J)  H = -2.15 (J)  S = -0.01 (J/K)  V = -6.52 (cc)  Cp = -0.00 (J/K)  

**********----------**********
Title: dummy

T = 1285.00 (C)  P = 1.000 (kbars)  log(10) f O2 = -10.75  delta HM = -8.93  NNO = -4.11  QFM = -3.43  COH = -1.16  IW = 0.00

Constraint Flags: fO2 path = IW  Fractionate Solids  

Liquid           mass = 99.95 (gm)  density = 2.68 (gm/cc)  viscosity = 1.85 (log 10 poise)     (analysis in wt %)
 		G = -1659162.40 (J)  H = -1228219.90 (J)  S = 276.57 (J/K)  V = 37.36 (cc)  Cp = 152.92 (J/K)  
        SiO2   TiO2  Al2O3  Fe2O3  Cr2O3    FeO    MnO    MgO    NiO    CoO    CaO   Na2O    K2O   P2O5    H2O    CO2    SO3 Cl2O-1  F2O-1
       48.53   1.01  17.59   0.34   0.04   8.06   0.00   9.07   0.00   0.00  12.41   2.64   0.03   0.08   0.20   0.00   0.00   0.00   0.00

Total solids     mass = 0.00 (gm)  density = 0.00 (gm/cc)
                 G = 0.00 (J)  H = 0.00 (J)  S = 0.00 (J/K)  V = 0.00 (cc)  Cp = 0.00 (J/K)  

Summary of all fractionated phases: (total mass = 0.00 grams)

Viscosity of the System: 1.85 (log 10 poise)

System           mass = 99.95 (gm)  density = 2.68 (gm/cc)
                 G = -1659162.40 (J)  H = -1228219.90 (J)  S = 276.57 (J/K)  V = 37.36 (cc)  Cp = 152.92 (J/K)  

Oxygen           delta moles = -5.08007e-05  delta grams = -0.00162556
                 G = 18.37 (J)  H = -2.17 (J)  S = -0.01 (J/K)  V = -6.58 (cc)  Cp = -0.00 (J/K)  

**********----------**********
Title: dummy

T = 1280.00 (C)  P = 1.000 (kbars)  log(10) f O2 = -10.81  delta HM = -8.93  NNO = -4.12  QFM = -3.43  COH = -1.17  IW = 0.00

Constraint Flags: fO2 path = IW  Fractionate Solids  

Liquid           mass = 99.95 (gm)  density = 2.68 (gm/cc)  viscosity = 1.87 (log 10 poise)     (analysis in wt %)
 		G = -1657780.39 (J)  H = -1228984.25 (J)  S = 276.08 (J/K)  V = 37.35 (cc)  Cp = 152.92 (J/K)  
        SiO2   TiO2  Al2O3  Fe2O3  Cr2O3    FeO    MnO    MgO    NiO    CoO    CaO   Na2O    K2O   P2O5    H2O    CO2    SO3 Cl2O-1  F2O-1
       48.53   1.01  17.59   0.34   0.04   8.06   0.00   9.07   0.00   0.00  12.41   2.64   0.03   0.08   0.20   0.00   0.00   0.00   0.00

Total solids     mass = 0.00 (gm)  density = 0.00 (gm/cc)
                 G = 0.00 (J)  H = 0.00 (J)  S = 0.00 (J/K)  V = 0.00 (cc)  Cp = 0.00 (J/K)  

Summary of all fractionated phases: (total mass = 0.00 grams)

Viscosity of the System: 1.87 (log 10 poise)

System           mass = 99.95 (gm)  density = 2.68 (gm/cc)
                 G = -1657780.39 (J)  H = -1228984.25 (J)  S = 276.08 (J/K)  V = 37.35 (cc)  Cp = 152.92 (J/K)  

Oxygen           delta moles = -5.13676e-05  delta grams = -0.0016437
                 G = 18.50 (J)  H = -2.18 (J)  S = -0.01 (J/K)  V = -6.63 (cc)  Cp = -0.00 (J/K)  

**********----------**********
Title: dummy

T = 1275.00 (C)  P = 1.000 (kbars)  log(10) f O2 = -10.86  delta HM = -8.94  NNO = -4.12  QFM = -3.44  COH = -1.18  IW = 0.00

Constraint Flags: fO2 path = IW  Fractionate Solids  

Liquid           mass = 99.95 (gm)  density = 2.68 (gm/cc)  viscosity = 1.89 (log 10 poise)     (analysis in wt %)
 		G = -1656400.87 (J)  H = -1229748.61 (J)  S = 275.59 (J/K)  V = 37.34 (cc)  Cp = 152.92 (J/K)  
        SiO2   TiO2  Al2O3  Fe2O3  Cr2O3    FeO    MnO    MgO    NiO    CoO    CaO   Na2O    K2O   P2O5    H2O    CO2    SO3 Cl2O-1  F2O-1
       48.53   1.01  17.59   0.34   0.04   8.06   0.00   9.07   0.00   0.00  12.41   2.64   0.03   0.08   0.20   0.00   0.00   0.00   0.00

Total solids     mass = 0.00 (gm)  density = 0.00 (gm/cc)
                 G = 0.00 (J)  H = 0.00 (J)  S = 0.00 (J/K)  V = 0.00 (cc)  Cp = 0.00 (J/K)  

Summary of all fractionated phases: (total mass = 0.00 grams)

Viscosity of the System: 1.89 (log 10 poise)

System           mass = 99.95 (gm)  density = 2.68 (gm/cc)
                 G = -1656400.87 (J)  H = -1229748.61 (J)  S = 275.59 (J/K)  V = 37.34 (cc)  Cp = 152.92 (J/K)  

Oxygen           delta moles = -5.19019e-05  delta grams = -0.0016608
                 G = 18.63 (J)  H = -2.20 (J)  S = -0.01 (J/K)  V = -6.68 (cc)  Cp = -0.00 (J/K)  

**********----------**********
Title: dummy

T = 1270.00 (C)  P = 1.000 (kbars)  log(10) f O2 = -10.92  delta HM = -8.94  NNO = -4.12  QFM = -3.44  COH = -1.19  IW = 0.00

Constraint Flags: fO2 path = IW  Fractionate Solids  

Liquid           mass = 99.95 (gm)  density = 2.68 (gm/cc)  viscosity = 1.91 (log 10 poise)     (analysis in wt %)
 		G = -1655023.83 (J)  H = -1230512.98 (J)  S = 275.09 (J/K)  V = 37.32 (cc)  Cp = 152.92 (J/K)  
        SiO2   TiO2  Al2O3  Fe2O3  Cr2O3    FeO    MnO    MgO    NiO    CoO    CaO   Na2O    K2O   P2O5    H2O    CO2    SO3 Cl2O-1  F2O-1
       48.53   1.01  17.59   0.34   0.04   8.06   0.00   9.07   0.00   0.00  12.41   2.64   0.03   0.08   0.20   0.00   0.00   0.00   0.00

Total solids     mass = 0.00 (gm)  density = 0.00 (gm/cc)
                 G = 0.00 (J)  H = 0.00 (J)  S = 0.00 (J/K)  V = 0.00 (cc)  Cp = 0.00 (J/K)  

Summary of all fractionated phases: (total mass = 0.00 grams)

Viscosity of the System: 1.91 (log 10 poise)

System           mass = 99.95 (gm)  density = 2.68 (gm/cc)
                 G = -1655023.83 (J)  H = -1230512.98 (J)  S = 275.09 (J/K)  V = 37.32 (cc)  Cp = 152.92 (J/K)  

Oxygen           delta moles = -5.24034e-05  delta grams = -0.00167685
                 G = 18.74 (J)  H = -2.21 (J)  S = -0.01 (J/K)  V = -6.72 (cc)  Cp = -0.00 (J/K)  

**********----------**********
Title: dummy

T = 1265.00 (C)  P = 1.000 (kbars)  log(10) f O2 = -10.98  delta HM = -8.95  NNO = -4.13  QFM = -3.45  COH = -1.20  IW = 0.00

Constraint Flags: fO2 path = IW  Fractionate Solids  

Liquid           mass = 99.95 (gm)  density = 2.68 (gm/cc)  viscosity = 1.93 (log 10 poise)     (analysis in wt %)
 		G = -1653649.30 (J)  H = -1231277.36 (J)  S = 274.60 (J/K)  V = 37.31 (cc)  Cp = 152.92 (J/K)  
        SiO2   TiO2  Al2O3  Fe2O3  Cr2O3    FeO    MnO    MgO    NiO    CoO    CaO   Na2O    K2O   P2O5    H2O    CO2    SO3 Cl2O-1  F2O-1
       48.53   1.01  17.59   0.34   0.04   8.06   0.00   9.07   0.00   0.00  12.41   2.64   0.03   0.08   0.20   0.00   0.00   0.00   0.00

Total solids     mass = 0.00 (gm)  density = 0.00 (gm/cc)
                 G = 0.00 (J)  H = 0.00 (J)  S = 0.00 (J/K)  V = 0.00 (cc)  Cp = 0.00 (J/K)  

Summary of all fractionated phases: (total mass = 0.00 grams)

Viscosity of the System: 1.93 (log 10 poise)

System           mass = 99.95 (gm)  density = 2.68 (gm/cc)
                 G = -1653649.30 (J)  H = -1231277.36 (J)  S = 274.60 (J/K)  V = 37.31 (cc)  Cp = 152.92 (J/K)  

Oxygen           delta moles = -5.28716e-05  delta grams = -0.00169183
                 G = 18.84 (J)  H = -2.22 (J)  S = -0.01 (J/K)  V = -6.76 (cc)  Cp = -0.00 (J/K)  

**********----------**********
Title: dummy

T = 1260.00 (C)  P = 1.000 (kbars)  log(10) f O2 = -11.03  delta HM = -8.96  NNO = -4.13  QFM = -3.45  COH = -1.21  IW = 0.00

Constraint Flags: fO2 path = IW  Fractionate Solids  

Liquid           mass = 99.95 (gm)  density = 2.68 (gm/cc)  viscosity = 1.95 (log 10 poise)     (analysis in wt %)
 		G = -1652277.28 (J)  H = -1232041.76 (J)  S = 274.10 (J/K)  V = 37.30 (cc)  Cp = 152.92 (J/K)  
        SiO2   TiO2  Al2O3  Fe2O3  Cr2O3    FeO    MnO    MgO    NiO    CoO    CaO   Na2O    K2O   P2O5    H2O    CO2    SO3 Cl2O-1  F2O-1
       48.53   1.01  17.59   0.34   0.04   8.06   0.00   9.07   0.00   0.00  12.41   2.64   0.03   0.08   0.20   0.00   0.00   0.00   0.00

Total solids     mass = 0.00 (gm)  density = 0.00 (gm/cc)
                 G = 0.00 (J)  H = 0.00 (J)  S = 0.00 (J/K)  V = 0.00 (cc)  Cp = 0.00 (J/K)  

Summary of all fractionated phases: (total mass = 0.00 grams)

Viscosity of the System: 1.95 (log 10 poise)

System           mass = 99.95 (gm)  density = 2.68 (gm/cc)
                 G = -1652277.28 (J)  H = -1232041.76 (J)  S = 274.10 (J/K)  V = 37.30 (cc)  Cp = 152.92 (J/K)  

Oxygen           delta moles = -5.33061e-05  delta grams = -0.00170573
                 G = 18.93 (J)  H = -2.23 (J)  S = -0.01 (J/K)  V = -6.79 (cc)  Cp = -0.00 (J/K)  

**********----------**********
Title: dummy

T = 1255.00 (C)  P = 1.000 (kbars)  log(10) f O2 = -11.09  delta HM = -8.96  NNO = -4.14  QFM = -3.46  COH = -1.22  IW = 0.00

Constraint Flags: fO2 path = IW  Fractionate Solids  

Liquid           mass = 99.95 (gm)  density = 2.68 (gm/cc)  viscosity = 1.97 (log 10 poise)     (analysis in wt %)
 		G = -1650907.77 (J)  H = -1232806.17 (J)  S = 273.60 (J/K)  V = 37.29 (cc)  Cp = 152.92 (J/K)  
        SiO2   TiO2  Al2O3  Fe2O3  Cr2O3    FeO    MnO    MgO    NiO    CoO    CaO   Na2O    K2O   P2O5    H2O    CO2    SO3 Cl2O-1  F2O-1
       48.53   1.01  17.59   0.34   0.04   8.06   0.00   9.07   0.00   0.00  12.41   2.64   0.03   0.08   0.20   0.00   0.00   0.00   0.00

Total solids     mass = 0.00 (gm)  density = 0.00 (gm/cc)
                 G = 0.00 (J)  H = 0.00 (J)  S = 0.00 (J/K)  V = 0.00 (cc)  Cp = 0.00 (J/K)  

Summary of all fractionated phases: (total mass = 0.00 grams)

Viscosity of the System: 1.97 (log 10 poise)

System           mass = 99.95 (gm)  density = 2.68 (gm/cc)
                 G = -1650907.77 (J)  H = -1232806.17 (J)  S = 273.60 (J/K)  V = 37.29 (cc)  Cp = 152.92 (J/K)  

Oxygen           delta moles = -5.37066e-05  delta grams = -0.00171855
                 G = 19.00 (J)  H = -2.23 (J)  S = -0.01 (J/K)  V = -6.82 (cc)  Cp = -0.00 (J/K)  

**********----------**********
Title: dummy

T = 1250.00 (C)  P = 1.000 (kbars)  log(10) f O2 = -11.15  delta HM = -8.97  NNO = -4.14  QFM = -3.46  COH = -1.23  IW = 0.00

Constraint Flags: fO2 path = IW  Fractionate Solids  

Liquid           mass = 99.95 (gm)  density = 2.68 (gm/cc)  viscosity = 1.99 (log 10 poise)     (analysis in wt %)
 		G = -1649540.78 (J)  H = -1233570.59 (J)  S = 273.10 (J/K)  V = 37.27 (cc)  Cp = 152.92 (J/K)  
        SiO2   TiO2  Al2O3  Fe2O3  Cr2O3    FeO    MnO    MgO    NiO    CoO    CaO   Na2O    K2O   P2O5    H2O    CO2    SO3 Cl2O-1  F2O-1
       48.53   1.01  17.59   0.34   0.04   8.06   0.00   9.07   0.00   0.00  12.41   2.64   0.03   0.08   0.20   0.00   0.00   0.00   0.00

Total solids     mass = 0.00 (gm)  density = 0.00 (gm/cc)
                 G = 0.00 (J)  H = 0.00 (J)  S = 0.00 (J/K)  V = 0.00 (cc)  Cp = 0.00 (J/K)  

Summary of all fractionated phases: (total mass = 0.00 grams)

Viscosity of the System: 1.99 (log 10 poise)

System           mass = 99.95 (gm)  density = 2.68 (gm/cc)
                 G = -1649540.78 (J)  H = -1233570.59 (J)  S = 273.10 (J/K)  V = 37.27 (cc)  Cp = 152.92 (J/K)  

Oxygen           delta moles = -5.40725e-05  delta grams = -0.00173026
                 G = 19.06 (J)  H = -2.24 (J)  S = -0.01 (J/K)  V = -6.85 (cc)  Cp = -0.00 (J/K)  

**********----------**********
Title: dummy

T = 1245.00 (C)  P = 1.000 (kbars)  log(10) f O2 = -11.20  delta HM = -8.98  NNO = -4.14  QFM = -3.47  COH = -1.24  IW = 0.00

Constraint Flags: fO2 path = IW  Fractionate Solids  

Liquid           mass = 99.95 (gm)  density = 2.68 (gm/cc)  viscosity = 2.01 (log 10 poise)     (analysis in wt %)
 		G = -1648176.33 (J)  H = -1234335.03 (J)  S = 272.60 (J/K)  V = 37.26 (cc)  Cp = 152.92 (J/K)  
        SiO2   TiO2  Al2O3  Fe2O3  Cr2O3    FeO    MnO    MgO    NiO    CoO    CaO   Na2O    K2O   P2O5    H2O    CO2    SO3 Cl2O-1  F2O-1
       48.53   1.01  17.59   0.34   0.04   8.06   0.00   9.07   0.00   0.00  12.41   2.64   0.03   0.08   0.20   0.00   0.00   0.00   0.00

Total solids     mass = 0.00 (gm)  density = 0.00 (gm/cc)
                 G = 0.00 (J)  H = 0.00 (J)  S = 0.00 (J/K)  V = 0.00 (cc)  Cp = 0.00 (J/K)  

Summary of all fractionated phases: (total mass = 0.00 grams)

Viscosity of the System: 2.01 (log 10 poise)

System           mass = 99.95 (gm)  density = 2.68 (gm/cc)
                 G = -1648176.33 (J)  H = -1234335.03 (J)  S = 272.60 (J/K)  V = 37.26 (cc)  Cp = 152.92 (J/K)  

Oxygen           delta moles = -5.44036e-05  delta grams = -0.00174085
                 G = 19.10 (J)  H = -2.24 (J)  S = -0.01 (J/K)  V = -6.87 (cc)  Cp = -0.00 (J/K)  

**********----------**********
Title: dummy

T = 1240.00 (C)  P = 1.000 (kbars)  log(10) f O2 = -11.26  delta HM = -8.98  NNO = -4.15  QFM = -3.47  COH = -1.25  IW = 0.00

Constraint Flags: fO2 path = IW  Fractionate Solids  

Liquid           mass = 99.95 (gm)  density = 2.68 (gm/cc)  viscosity = 2.03 (log 10 poise)     (analysis in wt %)
 		G = -1646814.42 (J)  H = -1235099.48 (J)  S = 272.09 (J/K)  V = 37.25 (cc)  Cp = 152.92 (J/K)  
        SiO2   TiO2  Al2O3  Fe2O3  Cr2O3    FeO    MnO    MgO    NiO    CoO    CaO   Na2O    K2O   P2O5    H2O    CO2    SO3 Cl2O-1  F2O-1
       48.53   1.01  17.59   0.34   0.04   8.06   0.00   9.07   0.00   0.00  12.41   2.64   0.03   0.08   0.20   0.00   0.00   0.00   0.00

Total solids     mass = 0.00 (gm)  density = 0.00 (gm/cc)
                 G = 0.00 (J)  H = 0.00 (J)  S = 0.00 (J/K)  V = 0.00 (cc)  Cp = 0.00 (J/K)  

Summary of all fractionated phases: (total mass = 0.00 grams)

Viscosity of the System: 2.03 (log 10 poise)

System           mass = 99.95 (gm)  density = 2.68 (gm/cc)
                 G = -1646814.42 (J)  H = -1235099.48 (J)  S = 272.09 (J/K)  V = 37.25 (cc)  Cp = 152.92 (J/K)  

Oxygen           delta moles = -5.46993e-05  delta grams = -0.00175031
                 G = 19.14 (J)  H = -2.25 (J)  S = -0.01 (J/K)  V = -6.88 (cc)  Cp = -0.00 (J/K)  

**********----------**********
Title: dummy

T = 1235.00 (C)  P = 1.000 (kbars)  log(10) f O2 = -11.32  delta HM = -8.99  NNO = -4.15  QFM = -3.48  COH = -1.26  IW = 0.00

Constraint Flags: fO2 path = IW  Fractionate Solids  

Liquid           mass = 99.95 (gm)  density = 2.68 (gm/cc)  viscosity = 2.05 (log 10 poise)     (analysis in wt %)
 		G = -1645455.06 (J)  H = -1235863.94 (J)  S = 271.59 (J/K)  V = 37.23 (cc)  Cp = 152.92 (J/K)  
        SiO2   TiO2  Al2O3  Fe2O3  Cr2O3    FeO    MnO    MgO    NiO    CoO    CaO   Na2O    K2O   P2O5    H2O    CO2    SO3 Cl2O-1  F2O-1
       48.53   1.01  17.59   0.34   0.04   8.06   0.00   9.07   0.00   0.00  12.41   2.64   0.03   0.08   0.20   0.00   0.00   0.00   0.00

Total solids     mass = 0.00 (gm)  density = 0.00 (gm/cc)
                 G = 0.00 (J)  H = 0.00 (J)  S = 0.00 (J/K)  V = 0.00 (cc)  Cp = 0.00 (J/K)  

Summary of all fractionated phases: (total mass = 0.00 grams)

Viscosity of the System: 2.05 (log 10 poise)

System           mass = 99.95 (gm)  density = 2.68 (gm/cc)
                 G = -1645455.06 (J)  H = -1235863.94 (J)  S = 271.59 (J/K)  V = 37.23 (cc)  Cp = 152.92 (J/K)  

Oxygen           delta moles = -5.49591e-05  delta grams = -0.00175863
                 G = 19.16 (J)  H = -2.25 (J)  S = -0.01 (J/K)  V = -6.89 (cc)  Cp = -0.00 (J/K)  

**********----------**********
Title: dummy

T = 1230.00 (C)  P = 1.000 (kbars)  log(10) f O2 = -11.38  delta HM = -9.00  NNO = -4.16  QFM = -3.48  COH = -1.27  IW = 0.00

Constraint Flags: fO2 path = IW  Fractionate Solids  

Liquid           mass = 99.95 (gm)  density = 2.69 (gm/cc)  viscosity = 2.07 (log 10 poise)     (analysis in wt %)
 		G = -1644098.26 (J)  H = -1236628.42 (J)  S = 271.08 (J/K)  V = 37.22 (cc)  Cp = 152.91 (J/K)  
        SiO2   TiO2  Al2O3  Fe2O3  Cr2O3    FeO    MnO    MgO    NiO    CoO    CaO   Na2O    K2O   P2O5    H2O    CO2    SO3 Cl2O-1  F2O-1
       48.53   1.01  17.59   0.34   0.04   8.06   0.00   9.07   0.00   0.00  12.41   2.64   0.03   0.08   0.20   0.00   0.00   0.00   0.00

Total solids     mass = 0.00 (gm)  density = 0.00 (gm/cc)
                 G = 0.00 (J)  H = 0.00 (J)  S = 0.00 (J/K)  V = 0.00 (cc)  Cp = 0.00 (J/K)  

Summary of all fractionated phases: (total mass = 0.00 grams)

Viscosity of the System: 2.07 (log 10 poise)

System           mass = 99.95 (gm)  density = 2.69 (gm/cc)
                 G = -1644098.26 (J)  H = -1236628.42 (J)  S = 271.08 (J/K)  V = 37.22 (cc)  Cp = 152.91 (J/K)  

Oxygen           delta moles = -5.51827e-05  delta grams = -0.00176578
                 G = 19.16 (J)  H = -2.25 (J)  S = -0.01 (J/K)  V = -6.90 (cc)  Cp = -0.00 (J/K)  

**********----------**********
Title: dummy

T = 1225.00 (C)  P = 1.000 (kbars)  log(10) f O2 = -11.44  delta HM = -9.00  NNO = -4.16  QFM = -3.49  COH = -1.29  IW = 0.00

Constraint Flags: fO2 path = IW  Fractionate Solids  

Liquid           mass = 99.95 (gm)  density = 2.69 (gm/cc)  viscosity = 2.09 (log 10 poise)     (analysis in wt %)
 		G = -1642744.02 (J)  H = -1237392.91 (J)  S = 270.57 (J/K)  V = 37.21 (cc)  Cp = 152.91 (J/K)  
        SiO2   TiO2  Al2O3  Fe2O3  Cr2O3    FeO    MnO    MgO    NiO    CoO    CaO   Na2O    K2O   P2O5    H2O    CO2    SO3 Cl2O-1  F2O-1
       48.53   1.01  17.59   0.34   0.04   8.06   0.00   9.07   0.00   0.00  12.41   2.64   0.03   0.08   0.20   0.00   0.00   0.00   0.00

Total solids     mass = 0.00 (gm)  density = 0.00 (gm/cc)
                 G = 0.00 (J)  H = 0.00 (J)  S = 0.00 (J/K)  V = 0.00 (cc)  Cp = 0.00 (J/K)  

Summary of all fractionated phases: (total mass = 0.00 grams)

Viscosity of the System: 2.09 (log 10 poise)

System           mass = 99.95 (gm)  density = 2.69 (gm/cc)
                 G = -1642744.02 (J)  H = -1237392.91 (J)  S = 270.57 (J/K)  V = 37.21 (cc)  Cp = 152.91 (J/K)  

Oxygen           delta moles = -5.53696e-05  delta grams = -0.00177176
                 G = 19.16 (J)  H = -2.24 (J)  S = -0.01 (J/K)  V = -6.90 (cc)  Cp = -0.00 (J/K)  

**********----------**********
Title: dummy

T = 1220.00 (C)  P = 1.000 (kbars)  log(10) f O2 = -11.50  delta HM = -9.01  NNO = -4.16  QFM = -3.50  COH = -1.30  IW = 0.00

Constraint Flags: fO2 path = IW  Fractionate Solids  

Liquid           mass = 99.71 (gm)  density = 2.69 (gm/cc)  viscosity = 2.12 (log 10 poise)     (analysis in wt %)
 		G = -1637586.88 (J)  H = -1235331.03 (J)  S = 269.40 (J/K)  V = 37.12 (cc)  Cp = 152.49 (J/K)  
        SiO2   TiO2  Al2O3  Fe2O3  Cr2O3    FeO    MnO    MgO    NiO    CoO    CaO   Na2O    K2O   P2O5    H2O    CO2    SO3 Cl2O-1  F2O-1
       48.55   1.01  17.63   0.34   0.04   8.05   0.00   8.98   0.00   0.00  12.44   2.65   0.03   0.08   0.20   0.00   0.00   0.00   0.00

olivine          mass = 0.23 (gm)  density = 3.23 (gm/cc)     (analysis in mole %)
                 (Ca0.01Mg0.87Fe''0.13Mn0.00Co0.00Ni0.00)2SiO4
                 G = -3803.75 (J)  H = -2944.61 (J)  S = 0.58 (J/K)  V = 0.07 (cc)  Cp = 0.30 (J/K)  
          tephroite      fayalite    co-olivine    ni-olivine  monticellite    forsterite
               0.00         13.32          0.00          0.00          1.30         85.37

Total solids     mass = 0.23 (gm)  density = 3.23 (gm/cc)
                 G = -3803.75 (J)  H = -2944.61 (J)  S = 0.58 (J/K)  V = 0.07 (cc)  Cp = 0.30 (J/K)  

Summary of all fractionated phases: (total mass = 0.00 grams)

Viscosity of the System: 2.13 (log 10 poise)

System           mass = 99.95 (gm)  density = 2.69 (gm/cc)
                 G = -1641390.62 (J)  H = -1238275.64 (J)  S = 269.98 (J/K)  V = 37.19 (cc)  Cp = 152.79 (J/K)  

Oxygen           delta moles = -5.82208e-05  delta grams = -0.001863
                 G = 20.07 (J)  H = -2.35 (J)  S = -0.02 (J/K)  V = -7.23 (cc)  Cp = -0.00 (J/K)  

**********----------**********
Title: dummy

T = 1215.00 (C)  P = 1.000 (kbars)  log(10) f O2 = -11.56  delta HM = -9.02  NNO = -4.17  QFM = -3.50  COH = -1.31  IW = 0.00

Constraint Flags: fO2 path = IW  Fractionate Solids  

Liquid           mass = 95.12 (gm)  density = 2.69 (gm/cc)  viscosity = 2.16 (log 10 poise)     (analysis in wt %)
 		G = -1558116.66 (J)  H = -1176271.57 (J)  S = 256.59 (J/K)  V = 35.41 (cc)  Cp = 145.12 (J/K)  
        SiO2   TiO2  Al2O3  Fe2O3  Cr2O3    FeO    MnO    MgO    NiO    CoO    CaO   Na2O    K2O   P2O5    H2O    CO2    SO3 Cl2O-1  F2O-1
       48.72   1.06  17.39   0.35   0.04   8.23   0.00   8.68   0.00   0.00  12.49   2.71   0.03   0.08   0.21   0.00   0.00   0.00   0.00

olivine          mass = 1.53 (gm)  density = 3.24 (gm/cc)     (analysis in mole %)
                 (Ca0.01Mg0.86Fe''0.14Mn0.00Co0.00Ni0.00)2SiO4
                 G = -24642.58 (J)  H = -19084.43 (J)  S = 3.73 (J/K)  V = 0.47 (cc)  Cp = 1.92 (J/K)  
          tephroite      fayalite    co-olivine    ni-olivine  monticellite    forsterite
               0.00         13.87          0.00          0.00          1.32         84.81

feldspar         mass = 3.07 (gm)  density = 2.68 (gm/cc)     (analysis in mole %)
                 K0.00Na0.17Ca0.83Al1.83Si2.17O8
                 G = -53495.57 (J)  H = -42403.07 (J)  S = 7.45 (J/K)  V = 1.15 (cc)  Cp = 3.79 (J/K)  
             albite     anorthite      sanidine
              17.02         82.93          0.05

Total solids     mass = 4.60 (gm)  density = 2.84 (gm/cc)
                 G = -78138.15 (J)  H = -61487.50 (J)  S = 11.19 (J/K)  V = 1.62 (cc)  Cp = 5.71 (J/K)  

Summary of all fractionated phases: (total mass = 0.23 grams)

olivine          mass = 0.23 (gm)  density = 3.23 (gm/cc)	(analysis in mole %)
		    (Ca0.01Mg0.87Fe''0.13Mn0.00Co0.00Ni0.00)2SiO4
		    G = -3776.67 (J)  H = -2927.33 (J)  S = 0.57 (J/K)  V = 0.07 (cc)  Cp = 0.29 (J/K)  
	     tephroite      fayalite    co-olivine    ni-olivine  monticellite    forsterite
	          0.00         13.32          0.00          0.00          1.30         85.37

Viscosity of the System: 2.25 (log 10 poise)

System           mass = 99.94 (gm)  density = 2.69 (gm/cc)
                 G = -1640031.48 (J)  H = -1240686.41 (J)  S = 268.35 (J/K)  V = 37.10 (cc)  Cp = 151.12 (J/K)  

Oxygen           delta moles = -7.80311e-05  delta grams = -0.0024969
                 G = 26.80 (J)  H = -3.13 (J)  S = -0.02 (J/K)  V = -9.65 (cc)  Cp = -0.00 (J/K)  

**********----------**********
Title: dummy

T = 1210.00 (C)  P = 1.000 (kbars)  log(10) f O2 = -11.62  delta HM = -9.02  NNO = -4.17  QFM = -3.51  COH = -1.32  IW = 0.00

Constraint Flags: fO2 path = IW  Fractionate Solids  

Liquid           mass = 90.85 (gm)  density = 2.69 (gm/cc)  viscosity = 2.21 (log 10 poise)     (analysis in wt %)
 		G = -1484480.05 (J)  H = -1121534.94 (J)  S = 244.71 (J/K)  V = 33.83 (cc)  Cp = 138.29 (J/K)  
        SiO2   TiO2  Al2O3  Fe2O3  Cr2O3    FeO    MnO    MgO    NiO    CoO    CaO   Na2O    K2O   P2O5    H2O    CO2    SO3 Cl2O-1  F2O-1
       48.89   1.11  17.14   0.36   0.05   8.41   0.00   8.39   0.00   0.00  12.54   2.78   0.03   0.09   0.22   0.00   0.00   0.00   0.00

olivine          mass = 1.40 (gm)  density = 3.25 (gm/cc)     (analysis in mole %)
                 (Ca0.01Mg0.86Fe''0.14Mn0.00Co0.00Ni0.00)2SiO4
                 G = -22499.43 (J)  H = -17431.43 (J)  S = 3.42 (J/K)  V = 0.43 (cc)  Cp = 1.76 (J/K)  
          tephroite      fayalite    co-olivine    ni-olivine  monticellite    forsterite
               0.00         14.44          0.00          0.00          1.33         84.23

feldspar         mass = 2.87 (gm)  density = 2.68 (gm/cc)     (analysis in mole %)
                 K0.00Na0.18Ca0.82Al1.82Si2.18O8
                 G = -49917.59 (J)  H = -39602.59 (J)  S = 6.95 (J/K)  V = 1.07 (cc)  Cp = 3.53 (J/K)  
             albite     anorthite      sanidine
              18.07         81.88          0.05

Total solids     mass = 4.27 (gm)  density = 2.84 (gm/cc)
                 G = -72417.02 (J)  H = -57034.02 (J)  S = 10.37 (J/K)  V = 1.50 (cc)  Cp = 5.29 (J/K)  

Summary of all fractionated phases: (total mass = 4.82 grams)

olivine          mass = 1.76 (gm)  density = 3.24 (gm/cc)	(analysis in mole %)
		    (Ca0.01Mg0.86Fe''0.14Mn0.00Co0.00Ni0.00)2SiO4
		    G = -28373.60 (J)  H = -22004.10 (J)  S = 4.29 (J/K)  V = 0.54 (cc)  Cp = 2.21 (J/K)  
	     tephroite      fayalite    co-olivine    ni-olivine  monticellite    forsterite
	          0.00         13.80          0.00          0.00          1.32         84.89

feldspar         mass = 3.07 (gm)  density = 2.68 (gm/cc)	(analysis in mole %)
		    K0.00Na0.17Ca0.83Al1.83Si2.17O8
		    G = -53410.35 (J)  H = -42383.93 (J)  S = 7.43 (J/K)  V = 1.14 (cc)  Cp = 3.78 (J/K)  
	        albite     anorthite      sanidine
	         17.02         82.93          0.05

Viscosity of the System: 2.37 (log 10 poise)

System           mass = 99.94 (gm)  density = 2.70 (gm/cc)
                 G = -1638681.02 (J)  H = -1242956.99 (J)  S = 266.81 (J/K)  V = 37.01 (cc)  Cp = 149.57 (J/K)  

Oxygen           delta moles = -9.675e-05  delta grams = -0.00309589
                 G = 33.10 (J)  H = -3.87 (J)  S = -0.02 (J/K)  V = -11.93 (cc)  Cp = -0.00 (J/K)  

**********----------**********
Title: dummy

T = 1205.00 (C)  P = 1.000 (kbars)  log(10) f O2 = -11.68  delta HM = -9.03  NNO = -4.18  QFM = -3.51  COH = -1.33  IW = 0.00

Constraint Flags: fO2 path = IW  Fractionate Solids  

Liquid           mass = 86.93 (gm)  density = 2.69 (gm/cc)  viscosity = 2.25 (log 10 poise)     (analysis in wt %)
 		G = -1416827.09 (J)  H = -1071254.59 (J)  S = 233.79 (J/K)  V = 32.37 (cc)  Cp = 132.02 (J/K)  
        SiO2   TiO2  Al2O3  Fe2O3  Cr2O3    FeO    MnO    MgO    NiO    CoO    CaO   Na2O    K2O   P2O5    H2O    CO2    SO3 Cl2O-1  F2O-1
       49.06   1.16  16.89   0.37   0.05   8.58   0.00   8.10   0.00   0.00  12.60   2.84   0.03   0.09   0.23   0.00   0.00   0.00   0.00

olivine          mass = 1.28 (gm)  density = 3.25 (gm/cc)     (analysis in mole %)
                 (Ca0.01Mg0.85Fe''0.15Mn0.00Co0.00Ni0.00)2SiO4
                 G = -20436.07 (J)  H = -15838.79 (J)  S = 3.11 (J/K)  V = 0.39 (cc)  Cp = 1.60 (J/K)  
          tephroite      fayalite    co-olivine    ni-olivine  monticellite    forsterite
               0.00         15.01          0.00          0.00          1.35         83.64

feldspar         mass = 2.65 (gm)  density = 2.68 (gm/cc)     (analysis in mole %)
                 K0.00Na0.19Ca0.81Al1.81Si2.19O8
                 G = -46057.09 (J)  H = -36572.56 (J)  S = 6.42 (J/K)  V = 0.99 (cc)  Cp = 3.26 (J/K)  
             albite     anorthite      sanidine
              19.14         80.80          0.05

Total solids     mass = 3.92 (gm)  density = 2.84 (gm/cc)
                 G = -66493.15 (J)  H = -52411.35 (J)  S = 9.53 (J/K)  V = 1.38 (cc)  Cp = 4.86 (J/K)  

Summary of all fractionated phases: (total mass = 9.09 grams)

olivine          mass = 3.16 (gm)  density = 3.24 (gm/cc)	(analysis in mole %)
		    (Ca0.01Mg0.86Fe''0.14Mn0.00Co0.00Ni0.00)2SiO4
		    G = -50810.42 (J)  H = -39436.67 (J)  S = 7.69 (J/K)  V = 0.97 (cc)  Cp = 3.96 (J/K)  
	     tephroite      fayalite    co-olivine    ni-olivine  monticellite    forsterite
	          0.00         14.08          0.00          0.00          1.32         84.60

feldspar         mass = 5.93 (gm)  density = 2.68 (gm/cc)	(analysis in mole %)
		    K0.00Na0.18Ca0.82Al1.82Si2.18O8
		    G = -103208.17 (J)  H = -81985.03 (J)  S = 14.36 (J/K)  V = 2.21 (cc)  Cp = 7.31 (J/K)  
	        albite     anorthite      sanidine
	         17.53         82.42          0.05

Viscosity of the System: 2.49 (log 10 poise)

System           mass = 99.94 (gm)  density = 2.71 (gm/cc)
                 G = -1637338.82 (J)  H = -1245087.63 (J)  S = 265.37 (J/K)  V = 36.94 (cc)  Cp = 148.16 (J/K)  

Oxygen           delta moles = -0.000114327  delta grams = -0.00365834
                 G = 38.97 (J)  H = -4.55 (J)  S = -0.03 (J/K)  V = -14.05 (cc)  Cp = -0.00 (J/K)  

**********----------**********
Title: dummy

T = 1200.00 (C)  P = 1.000 (kbars)  log(10) f O2 = -11.74  delta HM = -9.04  NNO = -4.18  QFM = -3.52  COH = -1.34  IW = 0.00

Constraint Flags: fO2 path = IW  Fractionate Solids  

Liquid           mass = 83.32 (gm)  density = 2.69 (gm/cc)  viscosity = 2.28 (log 10 poise)     (analysis in wt %)
 		G = -1354450.54 (J)  H = -1024903.00 (J)  S = 223.70 (J/K)  V = 31.02 (cc)  Cp = 126.25 (J/K)  
        SiO2   TiO2  Al2O3  Fe2O3  Cr2O3    FeO    MnO    MgO    NiO    CoO    CaO   Na2O    K2O   P2O5    H2O    CO2    SO3 Cl2O-1  F2O-1
       49.21   1.21  16.65   0.38   0.05   8.75   0.00   7.82   0.00   0.00  12.66   2.89   0.03   0.10   0.24   0.00   0.00   0.00   0.00

olivine          mass = 1.17 (gm)  density = 3.26 (gm/cc)     (analysis in mole %)
                 (Ca0.01Mg0.84Fe''0.16Mn0.00Co0.00Ni0.00)2SiO4
                 G = -18624.91 (J)  H = -14440.28 (J)  S = 2.84 (J/K)  V = 0.36 (cc)  Cp = 1.46 (J/K)  
          tephroite      fayalite    co-olivine    ni-olivine  monticellite    forsterite
               0.00         15.60          0.00          0.00          1.36         83.03

feldspar         mass = 2.45 (gm)  density = 2.67 (gm/cc)     (analysis in mole %)
                 K0.00Na0.20Ca0.80Al1.80Si2.20O8
                 G = -42646.81 (J)  H = -33894.82 (J)  S = 5.94 (J/K)  V = 0.92 (cc)  Cp = 3.02 (J/K)  
             albite     anorthite      sanidine
              20.23         79.71          0.06

Total solids     mass = 3.62 (gm)  density = 2.84 (gm/cc)
                 G = -61271.71 (J)  H = -48335.11 (J)  S = 8.78 (J/K)  V = 1.28 (cc)  Cp = 4.48 (J/K)  

Summary of all fractionated phases: (total mass = 13.00 grams)

olivine          mass = 4.43 (gm)  density = 3.25 (gm/cc)	(analysis in mole %)
		    (Ca0.01Mg0.86Fe''0.14Mn0.00Co0.00Ni0.00)2SiO4
		    G = -71168.50 (J)  H = -55284.59 (J)  S = 10.78 (J/K)  V = 1.37 (cc)  Cp = 5.56 (J/K)  
	     tephroite      fayalite    co-olivine    ni-olivine  monticellite    forsterite
	          0.00         14.35          0.00          0.00          1.33         84.32

feldspar         mass = 8.57 (gm)  density = 2.68 (gm/cc)	(analysis in mole %)
		    K0.00Na0.18Ca0.82Al1.82Si2.18O8
		    G = -149113.67 (J)  H = -118572.38 (J)  S = 20.73 (J/K)  V = 3.20 (cc)  Cp = 10.56 (J/K)  
	        albite     anorthite      sanidine
	         18.03         81.92          0.05

Viscosity of the System: 2.62 (log 10 poise)

System           mass = 99.94 (gm)  density = 2.71 (gm/cc)
                 G = -1636004.42 (J)  H = -1247095.07 (J)  S = 264.00 (J/K)  V = 36.86 (cc)  Cp = 146.85 (J/K)  

Oxygen           delta moles = -0.00013088  delta grams = -0.00418799
                 G = 44.44 (J)  H = -5.18 (J)  S = -0.03 (J/K)  V = -16.03 (cc)  Cp = -0.00 (J/K)  

**********----------**********
Title: dummy

T = 1195.00 (C)  P = 1.000 (kbars)  log(10) f O2 = -11.81  delta HM = -9.04  NNO = -4.19  QFM = -3.52  COH = -1.35  IW = 0.00

Constraint Flags: fO2 path = IW  Fractionate Solids  

Liquid           mass = 79.97 (gm)  density = 2.69 (gm/cc)  viscosity = 2.32 (log 10 poise)     (analysis in wt %)
 		G = -1296753.19 (J)  H = -982034.87 (J)  S = 214.36 (J/K)  V = 29.77 (cc)  Cp = 120.91 (J/K)  
        SiO2   TiO2  Al2O3  Fe2O3  Cr2O3    FeO    MnO    MgO    NiO    CoO    CaO   Na2O    K2O   P2O5    H2O    CO2    SO3 Cl2O-1  F2O-1
       49.36   1.26  16.40   0.39   0.05   8.92   0.00   7.56   0.00   0.00  12.73   2.95   0.04   0.10   0.25   0.00   0.00   0.00   0.00

olivine          mass = 1.07 (gm)  density = 3.27 (gm/cc)     (analysis in mole %)
                 (Ca0.01Mg0.84Fe''0.16Mn0.00Co0.00Ni0.00)2SiO4
                 G = -17026.98 (J)  H = -13205.95 (J)  S = 2.60 (J/K)  V = 0.33 (cc)  Cp = 1.34 (J/K)  
          tephroite      fayalite    co-olivine    ni-olivine  monticellite    forsterite
               0.00         16.21          0.00          0.00          1.38         82.41

feldspar         mass = 2.28 (gm)  density = 2.67 (gm/cc)     (analysis in mole %)
                 K0.00Na0.21Ca0.79Al1.79Si2.21O8
                 G = -39616.25 (J)  H = -31514.27 (J)  S = 5.52 (J/K)  V = 0.85 (cc)  Cp = 2.81 (J/K)  
             albite     anorthite      sanidine
              21.34         78.60          0.06

Total solids     mass = 3.35 (gm)  density = 2.84 (gm/cc)
                 G = -56643.23 (J)  H = -44720.23 (J)  S = 8.12 (J/K)  V = 1.18 (cc)  Cp = 4.15 (J/K)  

Summary of all fractionated phases: (total mass = 16.62 grams)

olivine          mass = 5.60 (gm)  density = 3.25 (gm/cc)	(analysis in mole %)
		    (Ca0.01Mg0.85Fe''0.15Mn0.00Co0.00Ni0.00)2SiO4
		    G = -89701.43 (J)  H = -69741.30 (J)  S = 13.60 (J/K)  V = 1.72 (cc)  Cp = 7.01 (J/K)  
	     tephroite      fayalite    co-olivine    ni-olivine  monticellite    forsterite
	          0.00         14.61          0.00          0.00          1.34         84.05

feldspar         mass = 11.02 (gm)  density = 2.68 (gm/cc)	(analysis in mole %)
		    K0.00Na0.19Ca0.81Al1.81Si2.19O8
		    G = -191579.53 (J)  H = -152497.05 (J)  S = 26.62 (J/K)  V = 4.12 (cc)  Cp = 13.58 (J/K)  
	        albite     anorthite      sanidine
	         18.52         81.43          0.05

Viscosity of the System: 2.74 (log 10 poise)

System           mass = 99.94 (gm)  density = 2.72 (gm/cc)
                 G = -1634677.38 (J)  H = -1248993.45 (J)  S = 262.70 (J/K)  V = 36.79 (cc)  Cp = 145.65 (J/K)  

Oxygen           delta moles = -0.000146507  delta grams = -0.00468804
                 G = 49.56 (J)  H = -5.78 (J)  S = -0.04 (J/K)  V = -17.88 (cc)  Cp = -0.01 (J/K)  

**********----------**********
Title: dummy

T = 1190.00 (C)  P = 1.000 (kbars)  log(10) f O2 = -11.87  delta HM = -9.05  NNO = -4.19  QFM = -3.53  COH = -1.36  IW = 0.00

Constraint Flags: fO2 path = IW  Fractionate Solids  

Liquid           mass = 76.86 (gm)  density = 2.69 (gm/cc)  viscosity = 2.36 (log 10 poise)     (analysis in wt %)
 		G = -1243227.52 (J)  H = -942271.87 (J)  S = 205.69 (J/K)  V = 28.61 (cc)  Cp = 115.97 (J/K)  
        SiO2   TiO2  Al2O3  Fe2O3  Cr2O3    FeO    MnO    MgO    NiO    CoO    CaO   Na2O    K2O   P2O5    H2O    CO2    SO3 Cl2O-1  F2O-1
       49.51   1.31  16.16   0.40   0.06   9.08   0.00   7.30   0.00   0.00  12.80   3.00   0.04   0.10   0.26   0.00   0.00   0.00   0.00

olivine          mass = 0.99 (gm)  density = 3.28 (gm/cc)     (analysis in mole %)
                 (Ca0.01Mg0.83Fe''0.17Mn0.00Co0.00Ni0.00)2SiO4
                 G = -15610.57 (J)  H = -12111.41 (J)  S = 2.39 (J/K)  V = 0.30 (cc)  Cp = 1.23 (J/K)  
          tephroite      fayalite    co-olivine    ni-olivine  monticellite    forsterite
               0.00         16.83          0.00          0.00          1.40         81.78

feldspar         mass = 2.12 (gm)  density = 2.67 (gm/cc)     (analysis in mole %)
                 K0.00Na0.22Ca0.77Al1.77Si2.23O8
                 G = -36907.94 (J)  H = -29385.97 (J)  S = 5.14 (J/K)  V = 0.80 (cc)  Cp = 2.62 (J/K)  
             albite     anorthite      sanidine
              22.47         77.47          0.07

Total solids     mass = 3.11 (gm)  density = 2.84 (gm/cc)
                 G = -52518.51 (J)  H = -41497.38 (J)  S = 7.53 (J/K)  V = 1.10 (cc)  Cp = 3.85 (J/K)  

Summary of all fractionated phases: (total mass = 19.97 grams)

olivine          mass = 6.67 (gm)  density = 3.25 (gm/cc)	(analysis in mole %)
		    (Ca0.01Mg0.85Fe''0.15Mn0.00Co0.00Ni0.00)2SiO4
		    G = -106623.66 (J)  H = -82970.37 (J)  S = 16.17 (J/K)  V = 2.05 (cc)  Cp = 8.34 (J/K)  
	     tephroite      fayalite    co-olivine    ni-olivine  monticellite    forsterite
	          0.00         14.86          0.00          0.00          1.34         83.79

feldspar         mass = 13.30 (gm)  density = 2.68 (gm/cc)	(analysis in mole %)
		    K0.00Na0.19Ca0.81Al1.81Si2.19O8
		    G = -230987.65 (J)  H = -184055.16 (J)  S = 32.08 (J/K)  V = 4.97 (cc)  Cp = 16.37 (J/K)  
	        albite     anorthite      sanidine
	         19.00         80.94          0.05

Viscosity of the System: 2.87 (log 10 poise)

System           mass = 99.94 (gm)  density = 2.72 (gm/cc)
                 G = -1633357.34 (J)  H = -1250794.79 (J)  S = 261.47 (J/K)  V = 36.73 (cc)  Cp = 144.53 (J/K)  

Oxygen           delta moles = -0.000161295  delta grams = -0.00516126
                 G = 54.35 (J)  H = -6.33 (J)  S = -0.04 (J/K)  V = -19.62 (cc)  Cp = -0.01 (J/K)  

**********----------**********
Title: dummy

T = 1185.00 (C)  P = 1.000 (kbars)  log(10) f O2 = -11.93  delta HM = -9.06  NNO = -4.20  QFM = -3.54  COH = -1.37  IW = 0.00

Constraint Flags: fO2 path = IW  Fractionate Solids  

Liquid           mass = 73.96 (gm)  density = 2.69 (gm/cc)  viscosity = 2.40 (log 10 poise)     (analysis in wt %)
 		G = -1193439.65 (J)  H = -905290.69 (J)  S = 197.61 (J/K)  V = 27.53 (cc)  Cp = 111.37 (J/K)  
        SiO2   TiO2  Al2O3  Fe2O3  Cr2O3    FeO    MnO    MgO    NiO    CoO    CaO   Na2O    K2O   P2O5    H2O    CO2    SO3 Cl2O-1  F2O-1
       49.64   1.36  15.91   0.41   0.06   9.24   0.00   7.05   0.00   0.00  12.87   3.04   0.04   0.11   0.27   0.00   0.00   0.00   0.00

olivine          mass = 0.91 (gm)  density = 3.28 (gm/cc)     (analysis in mole %)
                 (Ca0.01Mg0.83Fe''0.17Mn0.00Co0.00Ni0.00)2SiO4
                 G = -14349.63 (J)  H = -11136.63 (J)  S = 2.20 (J/K)  V = 0.28 (cc)  Cp = 1.13 (J/K)  
          tephroite      fayalite    co-olivine    ni-olivine  monticellite    forsterite
               0.00         17.46          0.00          0.00          1.41         81.13

feldspar         mass = 1.99 (gm)  density = 2.67 (gm/cc)     (analysis in mole %)
                 K0.00Na0.24Ca0.76Al1.76Si2.24O8
                 G = -34474.68 (J)  H = -27473.03 (J)  S = 4.80 (J/K)  V = 0.74 (cc)  Cp = 2.45 (J/K)  
             albite     anorthite      sanidine
              23.61         76.32          0.07

Total solids     mass = 2.90 (gm)  density = 2.84 (gm/cc)
                 G = -48824.31 (J)  H = -38609.66 (J)  S = 7.01 (J/K)  V = 1.02 (cc)  Cp = 3.58 (J/K)  

Summary of all fractionated phases: (total mass = 23.08 grams)

olivine          mass = 7.66 (gm)  density = 3.26 (gm/cc)	(analysis in mole %)
		    (Ca0.01Mg0.85Fe''0.15Mn0.00Co0.00Ni0.00)2SiO4
		    G = -122117.79 (J)  H = -95111.03 (J)  S = 18.52 (J/K)  V = 2.35 (cc)  Cp = 9.57 (J/K)  
	     tephroite      fayalite    co-olivine    ni-olivine  monticellite    forsterite
	          0.00         15.12          0.00          0.00          1.35         83.53

feldspar         mass = 15.42 (gm)  density = 2.68 (gm/cc)	(analysis in mole %)
		    K0.00Na0.19Ca0.80Al1.80Si2.20O8
		    G = -267662.21 (J)  H = -213497.98 (J)  S = 37.15 (J/K)  V = 5.76 (cc)  Cp = 18.98 (J/K)  
	        albite     anorthite      sanidine
	         19.48         80.46          0.06

Viscosity of the System: 3.00 (log 10 poise)

System           mass = 99.94 (gm)  density = 2.73 (gm/cc)
                 G = -1632043.96 (J)  H = -1252509.36 (J)  S = 260.29 (J/K)  V = 36.67 (cc)  Cp = 143.49 (J/K)  

Oxygen           delta moles = -0.000175321  delta grams = -0.00561007
                 G = 58.86 (J)  H = -6.85 (J)  S = -0.05 (J/K)  V = -21.26 (cc)  Cp = -0.01 (J/K)  

**********----------**********
Title: dummy

T = 1180.00 (C)  P = 1.000 (kbars)  log(10) f O2 = -12.00  delta HM = -9.06  NNO = -4.20  QFM = -3.54  COH = -1.38  IW = 0.00

Constraint Flags: fO2 path = IW  Fractionate Solids  

Liquid           mass = 71.26 (gm)  density = 2.69 (gm/cc)  viscosity = 2.43 (log 10 poise)     (analysis in wt %)
 		G = -1147016.48 (J)  H = -870813.43 (J)  S = 190.07 (J/K)  V = 26.52 (cc)  Cp = 107.09 (J/K)  
        SiO2   TiO2  Al2O3  Fe2O3  Cr2O3    FeO    MnO    MgO    NiO    CoO    CaO   Na2O    K2O   P2O5    H2O    CO2    SO3 Cl2O-1  F2O-1
       49.77   1.41  15.67   0.42   0.06   9.39   0.00   6.81   0.00   0.00  12.96   3.08   0.04   0.11   0.28   0.00   0.00   0.00   0.00

olivine          mass = 0.85 (gm)  density = 3.29 (gm/cc)     (analysis in mole %)
                 (Ca0.01Mg0.82Fe''0.18Mn0.00Co0.00Ni0.00)2SiO4
                 G = -13222.67 (J)  H = -10265.08 (J)  S = 2.04 (J/K)  V = 0.26 (cc)  Cp = 1.05 (J/K)  
          tephroite      fayalite    co-olivine    ni-olivine  monticellite    forsterite
               0.00         18.10          0.00          0.00          1.43         80.46

feldspar         mass = 1.86 (gm)  density = 2.67 (gm/cc)     (analysis in mole %)
                 K0.00Na0.25Ca0.75Al1.75Si2.25O8
                 G = -32277.52 (J)  H = -25744.96 (J)  S = 4.50 (J/K)  V = 0.70 (cc)  Cp = 2.29 (J/K)  
             albite     anorthite      sanidine
              24.76         75.17          0.07

Total solids     mass = 2.71 (gm)  density = 2.83 (gm/cc)
                 G = -45500.19 (J)  H = -36010.04 (J)  S = 6.53 (J/K)  V = 0.96 (cc)  Cp = 3.34 (J/K)  

Summary of all fractionated phases: (total mass = 25.98 grams)

olivine          mass = 8.57 (gm)  density = 3.26 (gm/cc)	(analysis in mole %)
		    (Ca0.01Mg0.85Fe''0.15Mn0.00Co0.00Ni0.00)2SiO4
		    G = -136340.25 (J)  H = -106282.56 (J)  S = 20.68 (J/K)  V = 2.63 (cc)  Cp = 10.69 (J/K)  
	     tephroite      fayalite    co-olivine    ni-olivine  monticellite    forsterite
	          0.00         15.36          0.00          0.00          1.36         83.28

feldspar         mass = 17.41 (gm)  density = 2.68 (gm/cc)	(analysis in mole %)
		    K0.00Na0.20Ca0.80Al1.80Si2.20O8
		    G = -301880.02 (J)  H = -241040.01 (J)  S = 41.87 (J/K)  V = 6.51 (cc)  Cp = 21.41 (J/K)  
	        albite     anorthite      sanidine
	         19.95         79.99          0.06

Viscosity of the System: 3.13 (log 10 poise)

System           mass = 99.94 (gm)  density = 2.73 (gm/cc)
                 G = -1630736.95 (J)  H = -1254146.03 (J)  S = 259.15 (J/K)  V = 36.61 (cc)  Cp = 142.53 (J/K)  

Oxygen           delta moles = -0.00018865  delta grams = -0.00603658
                 G = 63.09 (J)  H = -7.33 (J)  S = -0.05 (J/K)  V = -22.79 (cc)  Cp = -0.01 (J/K)  

**********----------**********
Title: dummy

T = 1175.00 (C)  P = 1.000 (kbars)  log(10) f O2 = -12.06  delta HM = -9.07  NNO = -4.20  QFM = -3.55  COH = -1.39  IW = 0.00

Constraint Flags: fO2 path = IW  Fractionate Solids  

Liquid           mass = 68.73 (gm)  density = 2.69 (gm/cc)  viscosity = 2.47 (log 10 poise)     (analysis in wt %)
 		G = -1103635.48 (J)  H = -838599.90 (J)  S = 183.02 (J/K)  V = 25.58 (cc)  Cp = 103.09 (J/K)  
        SiO2   TiO2  Al2O3  Fe2O3  Cr2O3    FeO    MnO    MgO    NiO    CoO    CaO   Na2O    K2O   P2O5    H2O    CO2    SO3 Cl2O-1  F2O-1
       49.90   1.46  15.42   0.43   0.06   9.54   0.00   6.57   0.00   0.00  13.04   3.12   0.04   0.12   0.29   0.00   0.00   0.00   0.00

olivine          mass = 0.79 (gm)  density = 3.30 (gm/cc)     (analysis in mole %)
                 (Ca0.01Mg0.81Fe''0.19Mn0.00Co0.00Ni0.00)2SiO4
                 G = -12211.81 (J)  H = -9482.99 (J)  S = 1.88 (J/K)  V = 0.24 (cc)  Cp = 0.97 (J/K)  
          tephroite      fayalite    co-olivine    ni-olivine  monticellite    forsterite
               0.00         18.77          0.00          0.00          1.45         79.78

feldspar         mass = 1.75 (gm)  density = 2.66 (gm/cc)     (analysis in mole %)
                 K0.00Na0.26Ca0.74Al1.74Si2.26O8
                 G = -30284.10 (J)  H = -24176.47 (J)  S = 4.22 (J/K)  V = 0.66 (cc)  Cp = 2.15 (J/K)  
             albite     anorthite      sanidine
              25.92         74.00          0.08

Total solids     mass = 2.53 (gm)  density = 2.83 (gm/cc)
                 G = -42495.91 (J)  H = -33659.46 (J)  S = 6.10 (J/K)  V = 0.89 (cc)  Cp = 3.12 (J/K)  

Summary of all fractionated phases: (total mass = 28.68 grams)

olivine          mass = 9.42 (gm)  density = 3.26 (gm/cc)	(analysis in mole %)
		    (Ca0.01Mg0.84Fe''0.16Mn0.00Co0.00Ni0.00)2SiO4
		    G = -149425.90 (J)  H = -116587.75 (J)  S = 22.68 (J/K)  V = 2.88 (cc)  Cp = 11.73 (J/K)  
	     tephroite      fayalite    co-olivine    ni-olivine  monticellite    forsterite
	          0.00         15.61          0.00          0.00          1.36         83.03

feldspar         mass = 19.26 (gm)  density = 2.67 (gm/cc)	(analysis in mole %)
		    K0.00Na0.20Ca0.80Al1.80Si2.20O8
		    G = -333878.74 (J)  H = -266865.34 (J)  S = 46.28 (J/K)  V = 7.20 (cc)  Cp = 23.69 (J/K)  
	        albite     anorthite      sanidine
	         20.42         79.52          0.06

Viscosity of the System: 3.27 (log 10 poise)

System           mass = 99.94 (gm)  density = 2.73 (gm/cc)
                 G = -1629436.03 (J)  H = -1255712.45 (J)  S = 258.07 (J/K)  V = 36.56 (cc)  Cp = 141.63 (J/K)  

Oxygen           delta moles = -0.000201341  delta grams = -0.00644269
                 G = 67.07 (J)  H = -7.79 (J)  S = -0.05 (J/K)  V = -24.24 (cc)  Cp = -0.01 (J/K)  

**********----------**********
Title: dummy

T = 1170.00 (C)  P = 1.000 (kbars)  log(10) f O2 = -12.12  delta HM = -9.08  NNO = -4.21  QFM = -3.55  COH = -1.40  IW = 0.00

Constraint Flags: fO2 path = IW  Fractionate Solids  

Liquid           mass = 66.36 (gm)  density = 2.69 (gm/cc)  viscosity = 2.50 (log 10 poise)     (analysis in wt %)
 		G = -1063016.23 (J)  H = -808441.45 (J)  S = 176.40 (J/K)  V = 24.69 (cc)  Cp = 99.35 (J/K)  
        SiO2   TiO2  Al2O3  Fe2O3  Cr2O3    FeO    MnO    MgO    NiO    CoO    CaO   Na2O    K2O   P2O5    H2O    CO2    SO3 Cl2O-1  F2O-1
       50.02   1.52  15.18   0.43   0.06   9.69   0.00   6.35   0.00   0.00  13.13   3.16   0.04   0.12   0.30   0.00   0.00   0.00   0.00

olivine          mass = 0.73 (gm)  density = 3.31 (gm/cc)     (analysis in mole %)
                 (Ca0.01Mg0.81Fe''0.19Mn0.00Co0.00Ni0.00)2SiO4
                 G = -11302.07 (J)  H = -8778.86 (J)  S = 1.75 (J/K)  V = 0.22 (cc)  Cp = 0.90 (J/K)  
          tephroite      fayalite    co-olivine    ni-olivine  monticellite    forsterite
               0.00         19.44          0.00          0.00          1.47         79.08

feldspar         mass = 1.64 (gm)  density = 2.66 (gm/cc)     (analysis in mole %)
                 K0.00Na0.27Ca0.73Al1.73Si2.27O8
                 G = -28467.49 (J)  H = -22746.46 (J)  S = 3.96 (J/K)  V = 0.62 (cc)  Cp = 2.02 (J/K)  
             albite     anorthite      sanidine
              27.08         72.83          0.08

Total solids     mass = 2.37 (gm)  density = 2.83 (gm/cc)
                 G = -39769.56 (J)  H = -31525.32 (J)  S = 5.71 (J/K)  V = 0.84 (cc)  Cp = 2.92 (J/K)  

Summary of all fractionated phases: (total mass = 31.21 grams)

olivine          mass = 10.20 (gm)  density = 3.27 (gm/cc)	(analysis in mole %)
		    (Ca0.01Mg0.84Fe''0.16Mn0.00Co0.00Ni0.00)2SiO4
		    G = -161491.60 (J)  H = -126115.67 (J)  S = 24.51 (J/K)  V = 3.12 (cc)  Cp = 12.69 (J/K)  
	     tephroite      fayalite    co-olivine    ni-olivine  monticellite    forsterite
	          0.00         15.85          0.00          0.00          1.37         82.78

feldspar         mass = 21.01 (gm)  density = 2.67 (gm/cc)	(analysis in mole %)
		    K0.00Na0.21Ca0.79Al1.79Si2.21O8
		    G = -363863.56 (J)  H = -291132.84 (J)  S = 50.40 (J/K)  V = 7.86 (cc)  Cp = 25.82 (J/K)  
	        albite     anorthite      sanidine
	         20.87         79.06          0.06

Viscosity of the System: 3.41 (log 10 poise)

System           mass = 99.94 (gm)  density = 2.74 (gm/cc)
                 G = -1628140.96 (J)  H = -1257215.27 (J)  S = 257.03 (J/K)  V = 36.50 (cc)  Cp = 140.78 (J/K)  

Oxygen           delta moles = -0.000213446  delta grams = -0.00683003
                 G = 70.83 (J)  H = -8.22 (J)  S = -0.05 (J/K)  V = -25.61 (cc)  Cp = -0.01 (J/K)  

**********----------**********
Title: dummy

T = 1165.00 (C)  P = 1.000 (kbars)  log(10) f O2 = -12.19  delta HM = -9.09  NNO = -4.21  QFM = -3.56  COH = -1.42  IW = 0.00

Constraint Flags: fO2 path = IW  Fractionate Solids  

Liquid           mass = 64.13 (gm)  density = 2.69 (gm/cc)  viscosity = 2.54 (log 10 poise)     (analysis in wt %)
 		G = -1024913.73 (J)  H = -780155.76 (J)  S = 170.19 (J/K)  V = 23.85 (cc)  Cp = 95.84 (J/K)  
        SiO2   TiO2  Al2O3  Fe2O3  Cr2O3    FeO    MnO    MgO    NiO    CoO    CaO   Na2O    K2O   P2O5    H2O    CO2    SO3 Cl2O-1  F2O-1
       50.13   1.57  14.93   0.44   0.07   9.83   0.00   6.13   0.00   0.00  13.23   3.19   0.04   0.12   0.31   0.00   0.00   0.00   0.00

olivine          mass = 0.68 (gm)  density = 3.32 (gm/cc)     (analysis in mole %)
                 (Ca0.01Mg0.80Fe''0.20Mn0.00Co0.00Ni0.00)2SiO4
                 G = -10480.88 (J)  H = -8143.00 (J)  S = 1.63 (J/K)  V = 0.21 (cc)  Cp = 0.83 (J/K)  
          tephroite      fayalite    co-olivine    ni-olivine  monticellite    forsterite
               0.00         20.14          0.00          0.00          1.50         78.37

feldspar         mass = 1.55 (gm)  density = 2.66 (gm/cc)     (analysis in mole %)
                 K0.00Na0.28Ca0.72Al1.72Si2.28O8
                 G = -26805.14 (J)  H = -21437.30 (J)  S = 3.73 (J/K)  V = 0.58 (cc)  Cp = 1.90 (J/K)  
             albite     anorthite      sanidine
              28.25         71.66          0.09

Total solids     mass = 2.23 (gm)  density = 2.83 (gm/cc)
                 G = -37286.03 (J)  H = -29580.30 (J)  S = 5.36 (J/K)  V = 0.79 (cc)  Cp = 2.74 (J/K)  

Summary of all fractionated phases: (total mass = 33.58 grams)

olivine          mass = 10.93 (gm)  density = 3.27 (gm/cc)	(analysis in mole %)
		    (Ca0.01Mg0.84Fe''0.16Mn0.00Co0.00Ni0.00)2SiO4
		    G = -172639.19 (J)  H = -134943.92 (J)  S = 26.21 (J/K)  V = 3.34 (cc)  Cp = 13.58 (J/K)  
	     tephroite      fayalite    co-olivine    ni-olivine  monticellite    forsterite
	          0.00         16.08          0.00          0.00          1.38         82.54

feldspar         mass = 22.65 (gm)  density = 2.67 (gm/cc)	(analysis in mole %)
		    K0.00Na0.21Ca0.79Al1.79Si2.21O8
		    G = -392012.58 (J)  H = -313980.33 (J)  S = 54.26 (J/K)  V = 8.47 (cc)  Cp = 27.83 (J/K)  
	        albite     anorthite      sanidine
	         21.33         78.61          0.06

Viscosity of the System: 3.56 (log 10 poise)

System           mass = 99.94 (gm)  density = 2.74 (gm/cc)
                 G = -1626851.52 (J)  H = -1258660.30 (J)  S = 256.02 (J/K)  V = 36.45 (cc)  Cp = 139.99 (J/K)  

Oxygen           delta moles = -0.000225011  delta grams = -0.00720009
                 G = 74.38 (J)  H = -8.62 (J)  S = -0.06 (J/K)  V = -26.91 (cc)  Cp = -0.01 (J/K)  

**********----------**********
Title: dummy

T = 1160.00 (C)  P = 1.000 (kbars)  log(10) f O2 = -12.25  delta HM = -9.09  NNO = -4.22  QFM = -3.57  COH = -1.43  IW = 0.00

Constraint Flags: fO2 path = IW  Fractionate Solids  

Liquid           mass = 62.04 (gm)  density = 2.69 (gm/cc)  viscosity = 2.57 (log 10 poise)     (analysis in wt %)
 		G = -989112.69 (J)  H = -753582.75 (J)  S = 164.34 (J/K)  V = 23.07 (cc)  Cp = 92.55 (J/K)  
        SiO2   TiO2  Al2O3  Fe2O3  Cr2O3    FeO    MnO    MgO    NiO    CoO    CaO   Na2O    K2O   P2O5    H2O    CO2    SO3 Cl2O-1  F2O-1
       50.24   1.62  14.69   0.45   0.07   9.97   0.00   5.92   0.00   0.00  13.33   3.22   0.04   0.13   0.32   0.00   0.00   0.00   0.00

olivine          mass = 0.64 (gm)  density = 3.33 (gm/cc)     (analysis in mole %)
                 (Ca0.01Mg0.79Fe''0.21Mn0.00Co0.00Ni0.00)2SiO4
                 G = -9737.58 (J)  H = -7567.21 (J)  S = 1.51 (J/K)  V = 0.19 (cc)  Cp = 0.78 (J/K)  
          tephroite      fayalite    co-olivine    ni-olivine  monticellite    forsterite
               0.00         20.85          0.00          0.00          1.52         77.63

feldspar         mass = 1.46 (gm)  density = 2.66 (gm/cc)     (analysis in mole %)
                 K0.00Na0.29Ca0.70Al1.70Si2.30O8
                 G = -25278.15 (J)  H = -20234.17 (J)  S = 3.52 (J/K)  V = 0.55 (cc)  Cp = 1.80 (J/K)  
             albite     anorthite      sanidine
              29.41         70.49          0.09

Total solids     mass = 2.10 (gm)  density = 2.83 (gm/cc)
                 G = -35015.73 (J)  H = -27801.38 (J)  S = 5.03 (J/K)  V = 0.74 (cc)  Cp = 2.57 (J/K)  

Summary of all fractionated phases: (total mass = 35.80 grams)

olivine          mass = 11.61 (gm)  density = 3.27 (gm/cc)	(analysis in mole %)
		    (Ca0.01Mg0.84Fe''0.16Mn0.00Co0.00Ni0.00)2SiO4
		    G = -182957.83 (J)  H = -143140.46 (J)  S = 27.78 (J/K)  V = 3.54 (cc)  Cp = 14.41 (J/K)  
	     tephroite      fayalite    co-olivine    ni-olivine  monticellite    forsterite
	          0.00         16.32          0.00          0.00          1.38         82.30

feldspar         mass = 24.19 (gm)  density = 2.67 (gm/cc)	(analysis in mole %)
		    K0.00Na0.22Ca0.78Al1.78Si2.22O8
		    G = -418481.26 (J)  H = -335528.09 (J)  S = 57.88 (J/K)  V = 9.05 (cc)  Cp = 29.71 (J/K)  
	        albite     anorthite      sanidine
	         21.77         78.17          0.06

Viscosity of the System: 3.71 (log 10 poise)

System           mass = 99.94 (gm)  density = 2.74 (gm/cc)
                 G = -1625567.51 (J)  H = -1260052.68 (J)  S = 255.04 (J/K)  V = 36.41 (cc)  Cp = 139.24 (J/K)  

Oxygen           delta moles = -0.000236078  delta grams = -0.00755421
                 G = 77.74 (J)  H = -9.01 (J)  S = -0.06 (J/K)  V = -28.13 (cc)  Cp = -0.01 (J/K)  

**********----------**********
Title: dummy

T = 1155.00 (C)  P = 1.000 (kbars)  log(10) f O2 = -12.32  delta HM = -9.10  NNO = -4.22  QFM = -3.57  COH = -1.44  IW = 0.00

Constraint Flags: fO2 path = IW  Fractionate Solids  

Liquid           mass = 60.06 (gm)  density = 2.69 (gm/cc)  viscosity = 2.60 (log 10 poise)     (analysis in wt %)
 		G = -955423.01 (J)  H = -728581.12 (J)  S = 158.84 (J/K)  V = 22.33 (cc)  Cp = 89.46 (J/K)  
        SiO2   TiO2  Al2O3  Fe2O3  Cr2O3    FeO    MnO    MgO    NiO    CoO    CaO   Na2O    K2O   P2O5    H2O    CO2    SO3 Cl2O-1  F2O-1
       50.34   1.68  14.45   0.46   0.07  10.10   0.00   5.71   0.00   0.00  13.44   3.25   0.04   0.13   0.33   0.00   0.00   0.00   0.00

olivine          mass = 0.60 (gm)  density = 3.34 (gm/cc)     (analysis in mole %)
                 (Ca0.01Mg0.78Fe''0.22Mn0.00Co0.00Ni0.00)2SiO4
                 G = -9063.10 (J)  H = -7044.52 (J)  S = 1.41 (J/K)  V = 0.18 (cc)  Cp = 0.73 (J/K)  
          tephroite      fayalite    co-olivine    ni-olivine  monticellite    forsterite
               0.00         21.58          0.00          0.00          1.54         76.88

feldspar         mass = 1.38 (gm)  density = 2.66 (gm/cc)     (analysis in mole %)
                 K0.00Na0.31Ca0.69Al1.69Si2.31O8
                 G = -23870.59 (J)  H = -19124.61 (J)  S = 3.32 (J/K)  V = 0.52 (cc)  Cp = 1.70 (J/K)  
             albite     anorthite      sanidine
              30.57         69.33          0.10

Total solids     mass = 1.98 (gm)  density = 2.83 (gm/cc)
                 G = -32933.69 (J)  H = -26169.13 (J)  S = 4.74 (J/K)  V = 0.70 (cc)  Cp = 2.42 (J/K)  

Summary of all fractionated phases: (total mass = 37.90 grams)

olivine          mass = 12.24 (gm)  density = 3.28 (gm/cc)	(analysis in mole %)
		    (Ca0.01Mg0.83Fe''0.17Mn0.00Co0.00Ni0.00)2SiO4
		    G = -192525.99 (J)  H = -150765.08 (J)  S = 29.24 (J/K)  V = 3.73 (cc)  Cp = 15.17 (J/K)  
	     tephroite      fayalite    co-olivine    ni-olivine  monticellite    forsterite
	          0.00         16.55          0.00          0.00          1.39         82.06

feldspar         mass = 25.65 (gm)  density = 2.67 (gm/cc)	(analysis in mole %)
		    K0.00Na0.22Ca0.78Al1.78Si2.22O8
		    G = -443406.05 (J)  H = -355881.58 (J)  S = 61.29 (J/K)  V = 9.60 (cc)  Cp = 31.49 (J/K)  
	        albite     anorthite      sanidine
	         22.21         77.73          0.07

Viscosity of the System: 3.88 (log 10 poise)

System           mass = 99.94 (gm)  density = 2.75 (gm/cc)
                 G = -1624288.74 (J)  H = -1261396.90 (J)  S = 254.10 (J/K)  V = 36.36 (cc)  Cp = 138.54 (J/K)  

Oxygen           delta moles = -0.000246684  delta grams = -0.00789359
                 G = 80.91 (J)  H = -9.37 (J)  S = -0.06 (J/K)  V = -29.29 (cc)  Cp = -0.01 (J/K)  

**********----------**********
Title: dummy

T = 1150.00 (C)  P = 1.000 (kbars)  log(10) f O2 = -12.38  delta HM = -9.11  NNO = -4.23  QFM = -3.58  COH = -1.45  IW = 0.00

Constraint Flags: fO2 path = IW  Fractionate Solids  

Liquid           mass = 58.20 (gm)  density = 2.69 (gm/cc)  viscosity = 2.63 (log 10 poise)     (analysis in wt %)
 		G = -923675.92 (J)  H = -705025.44 (J)  S = 153.64 (J/K)  V = 21.63 (cc)  Cp = 86.54 (J/K)  
        SiO2   TiO2  Al2O3  Fe2O3  Cr2O3    FeO    MnO    MgO    NiO    CoO    CaO   Na2O    K2O   P2O5    H2O    CO2    SO3 Cl2O-1  F2O-1
       50.44   1.73  14.21   0.47   0.07  10.23   0.00   5.51   0.00   0.00  13.55   3.27   0.05   0.14   0.34   0.00   0.00   0.00   0.00

olivine          mass = 0.56 (gm)  density = 3.35 (gm/cc)     (analysis in mole %)
                 (Ca0.01Mg0.78Fe''0.22Mn0.00Co0.00Ni0.00)2SiO4
                 G = -8449.69 (J)  H = -6568.95 (J)  S = 1.32 (J/K)  V = 0.17 (cc)  Cp = 0.68 (J/K)  
          tephroite      fayalite    co-olivine    ni-olivine  monticellite    forsterite
               0.00         22.33          0.00          0.00          1.57         76.11

feldspar         mass = 1.31 (gm)  density = 2.65 (gm/cc)     (analysis in mole %)
                 K0.00Na0.32Ca0.68Al1.68Si2.32O8
                 G = -22569.01 (J)  H = -18098.09 (J)  S = 3.14 (J/K)  V = 0.49 (cc)  Cp = 1.61 (J/K)  
             albite     anorthite      sanidine
              31.73         68.17          0.10

Total solids     mass = 1.87 (gm)  density = 2.83 (gm/cc)
                 G = -31018.70 (J)  H = -24667.04 (J)  S = 4.46 (J/K)  V = 0.66 (cc)  Cp = 2.28 (J/K)  

Summary of all fractionated phases: (total mass = 39.87 grams)

olivine          mass = 12.84 (gm)  density = 3.28 (gm/cc)	(analysis in mole %)
		    (Ca0.01Mg0.83Fe''0.17Mn0.00Co0.00Ni0.00)2SiO4
		    G = -201413.02 (J)  H = -157870.59 (J)  S = 30.60 (J/K)  V = 3.91 (cc)  Cp = 15.89 (J/K)  
	     tephroite      fayalite    co-olivine    ni-olivine  monticellite    forsterite
	          0.00         16.78          0.00          0.00          1.40         81.83

feldspar         mass = 27.03 (gm)  density = 2.67 (gm/cc)	(analysis in mole %)
		    K0.00Na0.23Ca0.77Al1.77Si2.23O8
		    G = -466907.41 (J)  H = -375133.89 (J)  S = 64.49 (J/K)  V = 10.12 (cc)  Cp = 33.17 (J/K)  
	        albite     anorthite      sanidine
	         22.63         77.30          0.07

Viscosity of the System: 4.07 (log 10 poise)

System           mass = 99.94 (gm)  density = 2.75 (gm/cc)
                 G = -1623015.05 (J)  H = -1262696.97 (J)  S = 253.18 (J/K)  V = 36.32 (cc)  Cp = 137.88 (J/K)  

Oxygen           delta moles = -0.000256863  delta grams = -0.00821932
                 G = 83.92 (J)  H = -9.70 (J)  S = -0.07 (J/K)  V = -30.39 (cc)  Cp = -0.01 (J/K)  

**********----------**********
Title: dummy

T = 1145.00 (C)  P = 1.000 (kbars)  log(10) f O2 = -12.45  delta HM = -9.12  NNO = -4.23  QFM = -3.58  COH = -1.46  IW = 0.00

Constraint Flags: fO2 path = IW  Fractionate Solids  

Liquid           mass = 56.45 (gm)  density = 2.69 (gm/cc)  viscosity = 2.66 (log 10 poise)     (analysis in wt %)
 		G = -893720.88 (J)  H = -682803.89 (J)  S = 148.73 (J/K)  V = 20.97 (cc)  Cp = 83.79 (J/K)  
        SiO2   TiO2  Al2O3  Fe2O3  Cr2O3    FeO    MnO    MgO    NiO    CoO    CaO   Na2O    K2O   P2O5    H2O    CO2    SO3 Cl2O-1  F2O-1
       50.53   1.78  13.97   0.48   0.07  10.36   0.00   5.31   0.00   0.00  13.66   3.29   0.05   0.14   0.35   0.00   0.00   0.00   0.00

olivine          mass = 0.52 (gm)  density = 3.36 (gm/cc)     (analysis in mole %)
                 (Ca0.01Mg0.77Fe''0.23Mn0.00Co0.00Ni0.00)2SiO4
                 G = -7890.67 (J)  H = -6135.38 (J)  S = 1.24 (J/K)  V = 0.16 (cc)  Cp = 0.63 (J/K)  
          tephroite      fayalite    co-olivine    ni-olivine  monticellite    forsterite
               0.00         23.09          0.00          0.00          1.59         75.31

feldspar         mass = 1.24 (gm)  density = 2.65 (gm/cc)     (analysis in mole %)
                 K0.00Na0.33Ca0.67Al1.67Si2.33O8
                 G = -21362.04 (J)  H = -17145.70 (J)  S = 2.97 (J/K)  V = 0.47 (cc)  Cp = 1.52 (J/K)  
             albite     anorthite      sanidine
              32.87         67.02          0.11

Total solids     mass = 1.76 (gm)  density = 2.83 (gm/cc)
                 G = -29252.71 (J)  H = -23281.08 (J)  S = 4.21 (J/K)  V = 0.62 (cc)  Cp = 2.16 (J/K)  

Summary of all fractionated phases: (total mass = 41.73 grams)

olivine          mass = 13.40 (gm)  density = 3.29 (gm/cc)	(analysis in mole %)
		    (Ca0.01Mg0.83Fe''0.17Mn0.00Co0.00Ni0.00)2SiO4
		    G = -209680.44 (J)  H = -164503.90 (J)  S = 31.86 (J/K)  V = 4.08 (cc)  Cp = 16.56 (J/K)  
	     tephroite      fayalite    co-olivine    ni-olivine  monticellite    forsterite
	          0.00         17.00          0.00          0.00          1.40         81.59

feldspar         mass = 28.34 (gm)  density = 2.67 (gm/cc)	(analysis in mole %)
		    K0.00Na0.23Ca0.77Al1.77Si2.23O8
		    G = -489092.24 (J)  H = -393367.59 (J)  S = 67.50 (J/K)  V = 10.61 (cc)  Cp = 34.75 (J/K)  
	        albite     anorthite      sanidine
	         23.06         76.88          0.07

Viscosity of the System: 4.27 (log 10 poise)

System           mass = 99.94 (gm)  density = 2.75 (gm/cc)
                 G = -1621746.27 (J)  H = -1263956.47 (J)  S = 252.29 (J/K)  V = 36.28 (cc)  Cp = 137.26 (J/K)  

Oxygen           delta moles = -0.000266647  delta grams = -0.00853239
                 G = 86.78 (J)  H = -10.03 (J)  S = -0.07 (J/K)  V = -31.44 (cc)  Cp = -0.01 (J/K)  

**********----------**********
Title: dummy

T = 1140.00 (C)  P = 1.000 (kbars)  log(10) f O2 = -12.52  delta HM = -9.12  NNO = -4.24  QFM = -3.59  COH = -1.47  IW = 0.00

Constraint Flags: fO2 path = IW  Fractionate Solids  

Liquid           mass = 54.78 (gm)  density = 2.69 (gm/cc)  viscosity = 2.69 (log 10 poise)     (analysis in wt %)
 		G = -865422.89 (J)  H = -661816.21 (J)  S = 144.08 (J/K)  V = 20.35 (cc)  Cp = 81.20 (J/K)  
        SiO2   TiO2  Al2O3  Fe2O3  Cr2O3    FeO    MnO    MgO    NiO    CoO    CaO   Na2O    K2O   P2O5    H2O    CO2    SO3 Cl2O-1  F2O-1
       50.62   1.84  13.73   0.49   0.08  10.48   0.00   5.13   0.00   0.00  13.78   3.31   0.05   0.15   0.36   0.00   0.00   0.00   0.00

olivine          mass = 0.49 (gm)  density = 3.37 (gm/cc)     (analysis in mole %)
                 (Ca0.01Mg0.76Fe''0.24Mn0.00Co0.00Ni0.00)2SiO4
                 G = -7380.28 (J)  H = -5739.35 (J)  S = 1.16 (J/K)  V = 0.15 (cc)  Cp = 0.60 (J/K)  
          tephroite      fayalite    co-olivine    ni-olivine  monticellite    forsterite
               0.00         23.88          0.00          0.00          1.62         74.50

feldspar         mass = 1.17 (gm)  density = 2.65 (gm/cc)     (analysis in mole %)
                 K0.00Na0.34Ca0.66Al1.66Si2.34O8
                 G = -20239.97 (J)  H = -16259.85 (J)  S = 2.82 (J/K)  V = 0.44 (cc)  Cp = 1.44 (J/K)  
             albite     anorthite      sanidine
              34.00         65.88          0.11

Total solids     mass = 1.67 (gm)  density = 2.83 (gm/cc)
                 G = -27620.25 (J)  H = -21999.20 (J)  S = 3.98 (J/K)  V = 0.59 (cc)  Cp = 2.04 (J/K)  

Summary of all fractionated phases: (total mass = 43.49 grams)

olivine          mass = 13.92 (gm)  density = 3.29 (gm/cc)	(analysis in mole %)
		    (Ca0.01Mg0.83Fe''0.17Mn0.00Co0.00Ni0.00)2SiO4
		    G = -217383.11 (J)  H = -170706.77 (J)  S = 33.03 (J/K)  V = 4.23 (cc)  Cp = 17.18 (J/K)  
	     tephroite      fayalite    co-olivine    ni-olivine  monticellite    forsterite
	          0.00         17.22          0.00          0.00          1.41         81.36

feldspar         mass = 29.57 (gm)  density = 2.67 (gm/cc)	(analysis in mole %)
		    K0.00Na0.23Ca0.76Al1.76Si2.24O8
		    G = -510056.02 (J)  H = -410656.39 (J)  S = 70.34 (J/K)  V = 11.07 (cc)  Cp = 36.25 (J/K)  
	        albite     anorthite      sanidine
	         23.47         76.46          0.07

Viscosity of the System: 4.51 (log 10 poise)

System           mass = 99.94 (gm)  density = 2.76 (gm/cc)
                 G = -1620482.26 (J)  H = -1265178.57 (J)  S = 251.43 (J/K)  V = 36.24 (cc)  Cp = 136.67 (J/K)  

Oxygen           delta moles = -0.000276065  delta grams = -0.00883374
                 G = 89.49 (J)  H = -10.33 (J)  S = -0.07 (J/K)  V = -32.44 (cc)  Cp = -0.01 (J/K)  

**********----------**********
Title: dummy

T = 1135.00 (C)  P = 1.000 (kbars)  log(10) f O2 = -12.59  delta HM = -9.13  NNO = -4.24  QFM = -3.60  COH = -1.49  IW = 0.00

Constraint Flags: fO2 path = IW  Fractionate Solids  

Liquid           mass = 51.48 (gm)  density = 2.70 (gm/cc)  viscosity = 2.70 (log 10 poise)     (analysis in wt %)
 		G = -809652.85 (J)  H = -619184.38 (J)  S = 135.26 (J/K)  V = 19.09 (cc)  Cp = 76.11 (J/K)  
        SiO2   TiO2  Al2O3  Fe2O3  Cr2O3    FeO    MnO    MgO    NiO    CoO    CaO   Na2O    K2O   P2O5    H2O    CO2    SO3 Cl2O-1  F2O-1
       50.53   1.93  13.56   0.51   0.08  10.96   0.00   4.92   0.00   0.00  13.53   3.39   0.05   0.15   0.39   0.00   0.00   0.00   0.00

clinopyroxene    mass = 1.74 (gm)  density = 3.23 (gm/cc)     (analysis in mole %)
                 cpx Na0.02Ca0.85Fe''0.18Mg0.86Fe'''0.01Ti0.02Al0.14Si1.91O6
                 G = -28148.11 (J)  H = -22529.22 (J)  S = 3.99 (J/K)  V = 0.54 (cc)  Cp = 2.06 (J/K)  
           diopside clinoenstatit  hedenbergite alumino-buffo     buffonite      essenite       jadeite
              57.99         13.17         18.29          8.01         -3.71          4.39          1.87

feldspar         mass = 1.56 (gm)  density = 2.65 (gm/cc)     (analysis in mole %)
                 K0.00Na0.36Ca0.64Al1.64Si2.36O8
                 G = -26969.08 (J)  H = -21683.68 (J)  S = 3.75 (J/K)  V = 0.59 (cc)  Cp = 1.92 (J/K)  
             albite     anorthite      sanidine
              35.53         64.35          0.12

Total solids     mass = 3.31 (gm)  density = 2.92 (gm/cc)
                 G = -55117.19 (J)  H = -44212.89 (J)  S = 7.74 (J/K)  V = 1.13 (cc)  Cp = 3.98 (J/K)  

Summary of all fractionated phases: (total mass = 45.15 grams)

olivine          mass = 14.41 (gm)  density = 3.29 (gm/cc)	(analysis in mole %)
		    (Ca0.01Mg0.83Fe''0.17Mn0.00Co0.00Ni0.00)2SiO4
		    G = -224570.02 (J)  H = -176516.56 (J)  S = 34.13 (J/K)  V = 4.38 (cc)  Cp = 17.77 (J/K)  
	     tephroite      fayalite    co-olivine    ni-olivine  monticellite    forsterite
	          0.00         17.45          0.00          0.00          1.42         81.14

feldspar         mass = 30.74 (gm)  density = 2.67 (gm/cc)	(analysis in mole %)
		    K0.00Na0.24Ca0.76Al1.76Si2.24O8
		    G = -529884.45 (J)  H = -427066.41 (J)  S = 73.02 (J/K)  V = 11.51 (cc)  Cp = 37.67 (J/K)  
	        albite     anorthite      sanidine
	         23.87         76.06          0.07

Viscosity of the System: 5.18 (log 10 poise)

System           mass = 99.94 (gm)  density = 2.77 (gm/cc)
                 G = -1619224.52 (J)  H = -1266980.24 (J)  S = 250.15 (J/K)  V = 36.11 (cc)  Cp = 135.54 (J/K)  

Oxygen           delta moles = -0.00028461  delta grams = -0.00910718
                 G = 91.90 (J)  H = -10.60 (J)  S = -0.07 (J/K)  V = -33.32 (cc)  Cp = -0.01 (J/K)  

**********----------**********
Title: dummy

T = 1130.00 (C)  P = 1.000 (kbars)  log(10) f O2 = -12.65  delta HM = -9.14  NNO = -4.25  QFM = -3.60  COH = -1.50  IW = 0.00

Constraint Flags: fO2 path = IW  Fractionate Solids  

Liquid           mass = 48.69 (gm)  density = 2.70 (gm/cc)  viscosity = 2.70 (log 10 poise)     (analysis in wt %)
 		G = -762657.75 (J)  H = -583313.75 (J)  S = 127.82 (J/K)  V = 18.04 (cc)  Cp = 71.84 (J/K)  
        SiO2   TiO2  Al2O3  Fe2O3  Cr2O3    FeO    MnO    MgO    NiO    CoO    CaO   Na2O    K2O   P2O5    H2O    CO2    SO3 Cl2O-1  F2O-1
       50.43   2.01  13.39   0.52   0.09  11.40   0.00   4.75   0.00   0.00  13.32   3.46   0.05   0.16   0.41   0.00   0.00   0.00   0.00

clinopyroxene    mass = 1.43 (gm)  density = 3.23 (gm/cc)     (analysis in mole %)
                 cpx Na0.02Ca0.85Fe''0.19Mg0.86Fe'''0.01Ti0.02Al0.14Si1.91O6
                 G = -23041.71 (J)  H = -18455.77 (J)  S = 3.27 (J/K)  V = 0.44 (cc)  Cp = 1.69 (J/K)  
           diopside clinoenstatit  hedenbergite alumino-buffo     buffonite      essenite       jadeite
              56.94         13.16         19.16          8.09         -3.57          4.28          1.95

feldspar         mass = 1.36 (gm)  density = 2.64 (gm/cc)     (analysis in mole %)
                 K0.00Na0.37Ca0.63Al1.63Si2.37O8
                 G = -23357.05 (J)  H = -18795.51 (J)  S = 3.25 (J/K)  V = 0.51 (cc)  Cp = 1.66 (J/K)  
             albite     anorthite      sanidine
              36.97         62.90          0.13

Total solids     mass = 2.79 (gm)  density = 2.92 (gm/cc)
                 G = -46398.76 (J)  H = -37251.28 (J)  S = 6.52 (J/K)  V = 0.96 (cc)  Cp = 3.35 (J/K)  

Summary of all fractionated phases: (total mass = 48.46 grams)

olivine          mass = 14.41 (gm)  density = 3.29 (gm/cc)	(analysis in mole %)
		    (Ca0.01Mg0.83Fe''0.17Mn0.00Co0.00Ni0.00)2SiO4
		    G = -224399.55 (J)  H = -176605.37 (J)  S = 34.06 (J/K)  V = 4.38 (cc)  Cp = 17.76 (J/K)  
	     tephroite      fayalite    co-olivine    ni-olivine  monticellite    forsterite
	          0.00         17.45          0.00          0.00          1.42         81.14

clinopyroxene    mass = 1.74 (gm)  density = 3.23 (gm/cc)	(analysis in mole %)
		    cpx Na0.02Ca0.85Fe''0.18Mg0.86Fe'''0.01Ti0.02Al0.14Si1.91O6
		    G = -28092.58 (J)  H = -22511.00 (J)  S = 3.98 (J/K)  V = 0.54 (cc)  Cp = 2.06 (J/K)  
	      diopside clinoenstatit  hedenbergite alumino-buffo     buffonite      essenite       jadeite
	         57.99         13.17         18.29          8.01         -3.71          4.39          1.87

feldspar         mass = 32.30 (gm)  density = 2.67 (gm/cc)	(analysis in mole %)
		    K0.00Na0.24Ca0.75Al1.75Si2.25O8
		    G = -556424.58 (J)  H = -448909.53 (J)  S = 76.62 (J/K)  V = 12.10 (cc)  Cp = 39.57 (J/K)  
	        albite     anorthite      sanidine
	         24.44         75.49          0.07

Viscosity of the System: 8.19 (log 10 poise)

System           mass = 99.94 (gm)  density = 2.78 (gm/cc)
                 G = -1617973.22 (J)  H = -1268590.92 (J)  S = 249.00 (J/K)  V = 36.01 (cc)  Cp = 134.58 (J/K)  

Oxygen           delta moles = -0.000292053  delta grams = -0.00934533
                 G = 93.93 (J)  H = -10.82 (J)  S = -0.07 (J/K)  V = -34.07 (cc)  Cp = -0.01 (J/K)  

**********----------**********
Title: dummy

T = 1125.00 (C)  P = 1.000 (kbars)  log(10) f O2 = -12.72  delta HM = -9.15  NNO = -4.25  QFM = -3.61  COH = -1.51  IW = 0.00

Constraint Flags: fO2 path = IW  Fractionate Solids  

Liquid           mass = 46.16 (gm)  density = 2.70 (gm/cc)  viscosity = 2.71 (log 10 poise)     (analysis in wt %)
 		G = -719865.43 (J)  H = -550651.80 (J)  S = 121.03 (J/K)  V = 17.07 (cc)  Cp = 67.95 (J/K)  
        SiO2   TiO2  Al2O3  Fe2O3  Cr2O3    FeO    MnO    MgO    NiO    CoO    CaO   Na2O    K2O   P2O5    H2O    CO2    SO3 Cl2O-1  F2O-1
       50.33   2.10  13.23   0.54   0.09  11.85   0.00   4.57   0.00   0.00  13.10   3.52   0.05   0.17   0.43   0.00   0.00   0.00   0.00

clinopyroxene    mass = 1.30 (gm)  density = 3.24 (gm/cc)     (analysis in mole %)
                 cpx Na0.02Ca0.85Fe''0.20Mg0.85Fe'''0.01Ti0.02Al0.14Si1.91O6
                 G = -20842.31 (J)  H = -16706.29 (J)  S = 2.96 (J/K)  V = 0.40 (cc)  Cp = 1.53 (J/K)  
           diopside clinoenstatit  hedenbergite alumino-buffo     buffonite      essenite       jadeite
              55.86         13.15         20.06          8.17         -3.42          4.16          2.02

feldspar         mass = 1.24 (gm)  density = 2.64 (gm/cc)     (analysis in mole %)
                 K0.00Na0.38Ca0.61Al1.61Si2.39O8
                 G = -21390.78 (J)  H = -17228.05 (J)  S = 2.98 (J/K)  V = 0.47 (cc)  Cp = 1.52 (J/K)  
             albite     anorthite      sanidine
              38.37         61.49          0.14

Total solids     mass = 2.54 (gm)  density = 2.92 (gm/cc)
                 G = -42233.09 (J)  H = -33934.34 (J)  S = 5.94 (J/K)  V = 0.87 (cc)  Cp = 3.06 (J/K)  

Summary of all fractionated phases: (total mass = 51.24 grams)

olivine          mass = 14.41 (gm)  density = 3.29 (gm/cc)	(analysis in mole %)
		    (Ca0.01Mg0.83Fe''0.17Mn0.00Co0.00Ni0.00)2SiO4
		    G = -224229.40 (J)  H = -176694.14 (J)  S = 34.00 (J/K)  V = 4.38 (cc)  Cp = 17.75 (J/K)  
	     tephroite      fayalite    co-olivine    ni-olivine  monticellite    forsterite
	          0.00         17.45          0.00          0.00          1.42         81.14

clinopyroxene    mass = 3.17 (gm)  density = 3.23 (gm/cc)	(analysis in mole %)
		    cpx Na0.02Ca0.85Fe''0.19Mg0.86Fe'''0.01Ti0.02Al0.14Si1.91O6
		    G = -51062.55 (J)  H = -40957.00 (J)  S = 7.23 (J/K)  V = 0.98 (cc)  Cp = 3.74 (J/K)  
	      diopside clinoenstatit  hedenbergite alumino-buffo     buffonite      essenite       jadeite
	         57.51         13.17         18.68          8.04         -3.65          4.34          1.90

feldspar         mass = 33.66 (gm)  density = 2.67 (gm/cc)	(analysis in mole %)
		    K0.00Na0.25Ca0.75Al1.75Si2.25O8
		    G = -579337.22 (J)  H = -467872.71 (J)  S = 79.72 (J/K)  V = 12.61 (cc)  Cp = 41.21 (J/K)  
	        albite     anorthite      sanidine
	         24.95         74.98          0.08

Viscosity of the System cannot be computed.

System           mass = 99.94 (gm)  density = 2.78 (gm/cc)
                 G = -1616727.70 (J)  H = -1270110.00 (J)  S = 247.91 (J/K)  V = 35.91 (cc)  Cp = 133.71 (J/K)  

Oxygen           delta moles = -0.0002992  delta grams = -0.00957405
                 G = 95.84 (J)  H = -11.03 (J)  S = -0.08 (J/K)  V = -34.78 (cc)  Cp = -0.01 (J/K)  

**********----------**********
Title: dummy

T = 1120.00 (C)  P = 1.000 (kbars)  log(10) f O2 = -12.79  delta HM = -9.15  NNO = -4.26  QFM = -3.62  COH = -1.52  IW = 0.00

Constraint Flags: fO2 path = IW  Fractionate Solids  

Liquid           mass = 43.84 (gm)  density = 2.71 (gm/cc)  viscosity = 2.71 (log 10 poise)     (analysis in wt %)
 		G = -680763.42 (J)  H = -520807.24 (J)  S = 114.82 (J/K)  V = 16.19 (cc)  Cp = 64.39 (J/K)  
        SiO2   TiO2  Al2O3  Fe2O3  Cr2O3    FeO    MnO    MgO    NiO    CoO    CaO   Na2O    K2O   P2O5    H2O    CO2    SO3 Cl2O-1  F2O-1
       50.22   2.19  13.06   0.56   0.10  12.30   0.00   4.41   0.00   0.00  12.90   3.58   0.06   0.18   0.45   0.00   0.00   0.00   0.00

clinopyroxene    mass = 1.18 (gm)  density = 3.24 (gm/cc)     (analysis in mole %)
                 cpx Na0.02Ca0.85Fe''0.21Mg0.84Fe'''0.01Ti0.02Al0.14Si1.91O6
                 G = -18926.16 (J)  H = -15181.30 (J)  S = 2.69 (J/K)  V = 0.36 (cc)  Cp = 1.39 (J/K)  
           diopside clinoenstatit  hedenbergite alumino-buffo     buffonite      essenite       jadeite
              54.75         13.14         20.98          8.26         -3.27          4.05          2.10

feldspar         mass = 1.14 (gm)  density = 2.64 (gm/cc)     (analysis in mole %)
                 K0.00Na0.40Ca0.60Al1.60Si2.40O8
                 G = -19650.47 (J)  H = -15840.18 (J)  S = 2.74 (J/K)  V = 0.43 (cc)  Cp = 1.40 (J/K)  
             albite     anorthite      sanidine
              39.73         60.12          0.15

Total solids     mass = 2.33 (gm)  density = 2.92 (gm/cc)
                 G = -38576.63 (J)  H = -31021.48 (J)  S = 5.42 (J/K)  V = 0.80 (cc)  Cp = 2.79 (J/K)  

Summary of all fractionated phases: (total mass = 53.77 grams)

olivine          mass = 14.41 (gm)  density = 3.29 (gm/cc)	(analysis in mole %)
		    (Ca0.01Mg0.83Fe''0.17Mn0.00Co0.00Ni0.00)2SiO4
		    G = -224059.57 (J)  H = -176782.86 (J)  S = 33.94 (J/K)  V = 4.37 (cc)  Cp = 17.74 (J/K)  
	     tephroite      fayalite    co-olivine    ni-olivine  monticellite    forsterite
	          0.00         17.45          0.00          0.00          1.42         81.14

clinopyroxene    mass = 4.47 (gm)  density = 3.23 (gm/cc)	(analysis in mole %)
		    cpx Na0.02Ca0.85Fe''0.19Mg0.86Fe'''0.01Ti0.02Al0.14Si1.91O6
		    G = -71818.52 (J)  H = -57661.17 (J)  S = 10.16 (J/K)  V = 1.38 (cc)  Cp = 5.27 (J/K)  
	      diopside clinoenstatit  hedenbergite alumino-buffo     buffonite      essenite       jadeite
	         57.03         13.16         19.08          8.08         -3.58          4.29          1.94

feldspar         mass = 34.90 (gm)  density = 2.67 (gm/cc)	(analysis in mole %)
		    K0.00Na0.25Ca0.74Al1.74Si2.26O8
		    G = -600269.61 (J)  H = -485275.95 (J)  S = 82.54 (J/K)  V = 13.08 (cc)  Cp = 42.71 (J/K)  
	        albite     anorthite      sanidine
	         25.43         74.49          0.08

Viscosity of the System cannot be computed.

System           mass = 99.94 (gm)  density = 2.79 (gm/cc)
                 G = -1615487.75 (J)  H = -1271548.70 (J)  S = 246.88 (J/K)  V = 35.82 (cc)  Cp = 132.91 (J/K)  

Oxygen           delta moles = -0.000306071  delta grams = -0.00979391
                 G = 97.65 (J)  H = -11.23 (J)  S = -0.08 (J/K)  V = -35.45 (cc)  Cp = -0.01 (J/K)  

**********----------**********
Title: dummy

T = 1115.00 (C)  P = 1.000 (kbars)  log(10) f O2 = -12.86  delta HM = -9.16  NNO = -4.26  QFM = -3.62  COH = -1.53  IW = 0.00

Constraint Flags: fO2 path = IW  Fractionate Solids  

Liquid           mass = 41.71 (gm)  density = 2.71 (gm/cc)  viscosity = 2.71 (log 10 poise)     (analysis in wt %)
 		G = -644916.98 (J)  H = -493448.12 (J)  S = 109.12 (J/K)  V = 15.38 (cc)  Cp = 61.14 (J/K)  
        SiO2   TiO2  Al2O3  Fe2O3  Cr2O3    FeO    MnO    MgO    NiO    CoO    CaO   Na2O    K2O   P2O5    H2O    CO2    SO3 Cl2O-1  F2O-1
       50.11   2.28  12.89   0.57   0.10  12.75   0.00   4.24   0.00   0.00  12.70   3.64   0.06   0.19   0.48   0.00   0.00   0.00   0.00

clinopyroxene    mass = 1.08 (gm)  density = 3.25 (gm/cc)     (analysis in mole %)
                 cpx Na0.02Ca0.85Fe''0.22Mg0.82Fe'''0.01Ti0.03Al0.14Si1.91O6
                 G = -17249.37 (J)  H = -13846.10 (J)  S = 2.45 (J/K)  V = 0.33 (cc)  Cp = 1.27 (J/K)  
           diopside clinoenstatit  hedenbergite alumino-buffo     buffonite      essenite       jadeite
              53.60         13.13         21.93          8.35         -3.13          3.93          2.18

feldspar         mass = 1.05 (gm)  density = 2.64 (gm/cc)     (analysis in mole %)
                 K0.00Na0.41Ca0.59Al1.59Si2.41O8
                 G = -18102.65 (J)  H = -14605.32 (J)  S = 2.52 (J/K)  V = 0.40 (cc)  Cp = 1.29 (J/K)  
             albite     anorthite      sanidine
              41.06         58.79          0.16

Total solids     mass = 2.13 (gm)  density = 2.91 (gm/cc)
                 G = -35352.02 (J)  H = -28451.43 (J)  S = 4.97 (J/K)  V = 0.73 (cc)  Cp = 2.56 (J/K)  

Summary of all fractionated phases: (total mass = 56.09 grams)

olivine          mass = 14.41 (gm)  density = 3.29 (gm/cc)	(analysis in mole %)
		    (Ca0.01Mg0.83Fe''0.17Mn0.00Co0.00Ni0.00)2SiO4
		    G = -223890.05 (J)  H = -176871.54 (J)  S = 33.87 (J/K)  V = 4.37 (cc)  Cp = 17.73 (J/K)  
	     tephroite      fayalite    co-olivine    ni-olivine  monticellite    forsterite
	          0.00         17.45          0.00          0.00          1.42         81.14

clinopyroxene    mass = 5.65 (gm)  density = 3.24 (gm/cc)	(analysis in mole %)
		    cpx Na0.02Ca0.85Fe''0.19Mg0.85Fe'''0.01Ti0.02Al0.14Si1.91O6
		    G = -90645.11 (J)  H = -72847.31 (J)  S = 12.82 (J/K)  V = 1.75 (cc)  Cp = 6.65 (J/K)  
	      diopside clinoenstatit  hedenbergite alumino-buffo     buffonite      essenite       jadeite
	         56.56         13.16         19.48          8.12         -3.52          4.24          1.97

feldspar         mass = 36.04 (gm)  density = 2.67 (gm/cc)	(analysis in mole %)
		    K0.00Na0.26Ca0.74Al1.74Si2.26O8
		    G = -619448.93 (J)  H = -501298.19 (J)  S = 85.11 (J/K)  V = 13.51 (cc)  Cp = 44.09 (J/K)  
	        albite     anorthite      sanidine
	         25.88         74.04          0.08

Viscosity of the System cannot be computed.

System           mass = 99.94 (gm)  density = 2.80 (gm/cc)
                 G = -1614253.09 (J)  H = -1272916.59 (J)  S = 245.89 (J/K)  V = 35.74 (cc)  Cp = 132.17 (J/K)  

Oxygen           delta moles = -0.000312681  delta grams = -0.0100054
                 G = 99.36 (J)  H = -11.42 (J)  S = -0.08 (J/K)  V = -36.09 (cc)  Cp = -0.01 (J/K)  

**********----------**********
Title: dummy

T = 1110.00 (C)  P = 1.000 (kbars)  log(10) f O2 = -12.93  delta HM = -9.17  NNO = -4.27  QFM = -3.63  COH = -1.55  IW = 0.00

Constraint Flags: fO2 path = IW  Fractionate Solids  

Liquid           mass = 39.75 (gm)  density = 2.72 (gm/cc)  viscosity = 2.71 (log 10 poise)     (analysis in wt %)
 		G = -611954.94 (J)  H = -468291.05 (J)  S = 103.87 (J/K)  V = 14.63 (cc)  Cp = 58.14 (J/K)  
        SiO2   TiO2  Al2O3  Fe2O3  Cr2O3    FeO    MnO    MgO    NiO    CoO    CaO   Na2O    K2O   P2O5    H2O    CO2    SO3 Cl2O-1  F2O-1
       49.99   2.36  12.72   0.59   0.11  13.20   0.00   4.09   0.00   0.00  12.50   3.69   0.06   0.20   0.50   0.00   0.00   0.00   0.00

clinopyroxene    mass = 0.99 (gm)  density = 3.25 (gm/cc)     (analysis in mole %)
                 cpx Na0.02Ca0.85Fe''0.23Mg0.81Fe'''0.01Ti0.03Al0.15Si1.91O6
                 G = -15776.11 (J)  H = -12672.36 (J)  S = 2.24 (J/K)  V = 0.30 (cc)  Cp = 1.16 (J/K)  
           diopside clinoenstatit  hedenbergite alumino-buffo     buffonite      essenite       jadeite
              52.41         13.12         22.91          8.45         -2.97          3.82          2.27

feldspar         mass = 0.97 (gm)  density = 2.64 (gm/cc)     (analysis in mole %)
                 K0.00Na0.42Ca0.57Al1.57Si2.43O8
                 G = -16719.92 (J)  H = -13501.72 (J)  S = 2.33 (J/K)  V = 0.37 (cc)  Cp = 1.19 (J/K)  
             albite     anorthite      sanidine
              42.34         57.49          0.17

Total solids     mass = 1.97 (gm)  density = 2.91 (gm/cc)
                 G = -32496.03 (J)  H = -26174.08 (J)  S = 4.57 (J/K)  V = 0.67 (cc)  Cp = 2.36 (J/K)  

Summary of all fractionated phases: (total mass = 58.22 grams)

olivine          mass = 14.41 (gm)  density = 3.30 (gm/cc)	(analysis in mole %)
		    (Ca0.01Mg0.83Fe''0.17Mn0.00Co0.00Ni0.00)2SiO4
		    G = -223720.85 (J)  H = -176960.18 (J)  S = 33.81 (J/K)  V = 4.37 (cc)  Cp = 17.72 (J/K)  
	     tephroite      fayalite    co-olivine    ni-olivine  monticellite    forsterite
	          0.00         17.45          0.00          0.00          1.42         81.14

clinopyroxene    mass = 6.73 (gm)  density = 3.24 (gm/cc)	(analysis in mole %)
		    cpx Na0.02Ca0.85Fe''0.20Mg0.85Fe'''0.01Ti0.02Al0.14Si1.91O6
		    G = -107782.90 (J)  H = -86704.59 (J)  S = 15.24 (J/K)  V = 2.08 (cc)  Cp = 7.92 (J/K)  
	      diopside clinoenstatit  hedenbergite alumino-buffo     buffonite      essenite       jadeite
	         56.08         13.15         19.87          8.16         -3.46          4.19          2.01

feldspar         mass = 37.09 (gm)  density = 2.67 (gm/cc)	(analysis in mole %)
		    K0.00Na0.26Ca0.74Al1.74Si2.26O8
		    G = -637068.78 (J)  H = -516091.92 (J)  S = 87.46 (J/K)  V = 13.91 (cc)  Cp = 45.35 (J/K)  
	        albite     anorthite      sanidine
	         26.32         73.60          0.08

Viscosity of the System cannot be computed.

System           mass = 99.94 (gm)  density = 2.80 (gm/cc)
                 G = -1613023.50 (J)  H = -1274221.81 (J)  S = 244.95 (J/K)  V = 35.66 (cc)  Cp = 131.49 (J/K)  

Oxygen           delta moles = -0.000319043  delta grams = -0.010209
                 G = 100.98 (J)  H = -11.59 (J)  S = -0.08 (J/K)  V = -36.69 (cc)  Cp = -0.01 (J/K)  

**********----------**********
Title: dummy

T = 1105.00 (C)  P = 1.000 (kbars)  log(10) f O2 = -13.00  delta HM = -9.18  NNO = -4.27  QFM = -3.63  COH = -1.56  IW = 0.00

Constraint Flags: fO2 path = IW  Fractionate Solids  

Liquid           mass = 37.94 (gm)  density = 2.72 (gm/cc)  viscosity = 2.71 (log 10 poise)     (analysis in wt %)
 		G = -581558.51 (J)  H = -445092.63 (J)  S = 99.02 (J/K)  V = 13.95 (cc)  Cp = 55.38 (J/K)  
        SiO2   TiO2  Al2O3  Fe2O3  Cr2O3    FeO    MnO    MgO    NiO    CoO    CaO   Na2O    K2O   P2O5    H2O    CO2    SO3 Cl2O-1  F2O-1
       49.86   2.45  12.55   0.60   0.11  13.65   0.00   3.93   0.00   0.00  12.31   3.74   0.06   0.21   0.53   0.00   0.00   0.00   0.00

clinopyroxene    mass = 0.91 (gm)  density = 3.26 (gm/cc)     (analysis in mole %)
                 cpx Na0.02Ca0.85Fe''0.24Mg0.80Fe'''0.01Ti0.03Al0.15Si1.91O6
                 G = -14476.92 (J)  H = -11636.76 (J)  S = 2.06 (J/K)  V = 0.28 (cc)  Cp = 1.07 (J/K)  
           diopside clinoenstatit  hedenbergite alumino-buffo     buffonite      essenite       jadeite
              51.18         13.11         23.92          8.56         -2.82          3.70          2.35

feldspar         mass = 0.90 (gm)  density = 2.63 (gm/cc)     (analysis in mole %)
                 K0.00Na0.44Ca0.56Al1.56Si2.44O8
                 G = -15479.65 (J)  H = -12511.40 (J)  S = 2.15 (J/K)  V = 0.34 (cc)  Cp = 1.11 (J/K)  
             albite     anorthite      sanidine
              43.59         56.23          0.18

Total solids     mass = 1.81 (gm)  density = 2.91 (gm/cc)
                 G = -29956.57 (J)  H = -24148.15 (J)  S = 4.21 (J/K)  V = 0.62 (cc)  Cp = 2.17 (J/K)  

Summary of all fractionated phases: (total mass = 60.18 grams)

olivine          mass = 14.41 (gm)  density = 3.30 (gm/cc)	(analysis in mole %)
		    (Ca0.01Mg0.83Fe''0.17Mn0.00Co0.00Ni0.00)2SiO4
		    G = -223551.98 (J)  H = -177048.76 (J)  S = 33.74 (J/K)  V = 4.37 (cc)  Cp = 17.71 (J/K)  
	     tephroite      fayalite    co-olivine    ni-olivine  monticellite    forsterite
	          0.00         17.45          0.00          0.00          1.42         81.14

clinopyroxene    mass = 7.72 (gm)  density = 3.24 (gm/cc)	(analysis in mole %)
		    cpx Na0.02Ca0.85Fe''0.20Mg0.84Fe'''0.01Ti0.02Al0.14Si1.91O6
		    G = -123436.48 (J)  H = -99393.93 (J)  S = 17.45 (J/K)  V = 2.38 (cc)  Cp = 9.07 (J/K)  
	      diopside clinoenstatit  hedenbergite alumino-buffo     buffonite      essenite       jadeite
	         55.61         13.15         20.26          8.19         -3.39          4.14          2.04

feldspar         mass = 38.06 (gm)  density = 2.67 (gm/cc)	(analysis in mole %)
		    K0.00Na0.27Ca0.73Al1.73Si2.27O8
		    G = -653295.22 (J)  H = -529787.88 (J)  S = 89.62 (J/K)  V = 14.27 (cc)  Cp = 46.52 (J/K)  
	        albite     anorthite      sanidine
	         26.73         73.19          0.09

Viscosity of the System cannot be computed.

System           mass = 99.94 (gm)  density = 2.81 (gm/cc)
                 G = -1611798.77 (J)  H = -1275471.36 (J)  S = 244.04 (J/K)  V = 35.59 (cc)  Cp = 130.86 (J/K)  

Oxygen           delta moles = -0.000325169  delta grams = -0.010405
                 G = 102.50 (J)  H = -11.75 (J)  S = -0.08 (J/K)  V = -37.26 (cc)  Cp = -0.01 (J/K)  

**********----------**********
Title: dummy

T = 1100.00 (C)  P = 1.000 (kbars)  log(10) f O2 = -13.07  delta HM = -9.18  NNO = -4.28  QFM = -3.64  COH = -1.57  IW = 0.00

Constraint Flags: fO2 path = IW  Fractionate Solids  

Liquid           mass = 36.26 (gm)  density = 2.73 (gm/cc)  viscosity = 2.71 (log 10 poise)     (analysis in wt %)
 		G = -553452.43 (J)  H = -423642.66 (J)  S = 94.53 (J/K)  V = 13.31 (cc)  Cp = 52.82 (J/K)  
        SiO2   TiO2  Al2O3  Fe2O3  Cr2O3    FeO    MnO    MgO    NiO    CoO    CaO   Na2O    K2O   P2O5    H2O    CO2    SO3 Cl2O-1  F2O-1
       49.72   2.54  12.38   0.62   0.12  14.10   0.00   3.78   0.00   0.00  12.13   3.79   0.07   0.22   0.55   0.00   0.00   0.00   0.00

clinopyroxene    mass = 0.84 (gm)  density = 3.26 (gm/cc)     (analysis in mole %)
                 cpx Na0.02Ca0.84Fe''0.25Mg0.79Fe'''0.01Ti0.03Al0.15Si1.90O6
                 G = -13327.38 (J)  H = -10719.97 (J)  S = 1.90 (J/K)  V = 0.26 (cc)  Cp = 0.98 (J/K)  
           diopside clinoenstatit  hedenbergite alumino-buffo     buffonite      essenite       jadeite
              49.90         13.10         24.97          8.67         -2.66          3.59          2.43

feldspar         mass = 0.84 (gm)  density = 2.63 (gm/cc)     (analysis in mole %)
                 K0.00Na0.45Ca0.55Al1.55Si2.45O8
                 G = -14363.00 (J)  H = -11619.39 (J)  S = 2.00 (J/K)  V = 0.32 (cc)  Cp = 1.03 (J/K)  
             albite     anorthite      sanidine
              44.81         55.00          0.19

Total solids     mass = 1.68 (gm)  density = 2.91 (gm/cc)
                 G = -27690.39 (J)  H = -22339.36 (J)  S = 3.90 (J/K)  V = 0.58 (cc)  Cp = 2.01 (J/K)  

Summary of all fractionated phases: (total mass = 61.99 grams)

olivine          mass = 14.41 (gm)  density = 3.30 (gm/cc)	(analysis in mole %)
		    (Ca0.01Mg0.83Fe''0.17Mn0.00Co0.00Ni0.00)2SiO4
		    G = -223383.42 (J)  H = -177137.30 (J)  S = 33.68 (J/K)  V = 4.37 (cc)  Cp = 17.70 (J/K)  
	     tephroite      fayalite    co-olivine    ni-olivine  monticellite    forsterite
	          0.00         17.45          0.00          0.00          1.42         81.14

clinopyroxene    mass = 8.63 (gm)  density = 3.24 (gm/cc)	(analysis in mole %)
		    cpx Na0.02Ca0.85Fe''0.21Mg0.84Fe'''0.01Ti0.02Al0.14Si1.91O6
		    G = -137780.87 (J)  H = -111053.00 (J)  S = 19.46 (J/K)  V = 2.66 (cc)  Cp = 10.14 (J/K)  
	      diopside clinoenstatit  hedenbergite alumino-buffo     buffonite      essenite       jadeite
	         55.15         13.14         20.64          8.23         -3.33          4.10          2.07

feldspar         mass = 38.96 (gm)  density = 2.67 (gm/cc)	(analysis in mole %)
		    K0.00Na0.27Ca0.73Al1.73Si2.27O8
		    G = -668271.60 (J)  H = -542498.93 (J)  S = 91.59 (J/K)  V = 14.61 (cc)  Cp = 47.60 (J/K)  
	        albite     anorthite      sanidine
	         27.12         72.79          0.09

Viscosity of the System cannot be computed.

System           mass = 99.94 (gm)  density = 2.81 (gm/cc)
                 G = -1610578.71 (J)  H = -1276671.25 (J)  S = 243.17 (J/K)  V = 35.53 (cc)  Cp = 130.27 (J/K)  

Oxygen           delta moles = -0.000331069  delta grams = -0.0105938
                 G = 103.94 (J)  H = -11.91 (J)  S = -0.08 (J/K)  V = -37.80 (cc)  Cp = -0.01 (J/K)  

**********----------**********
Title: dummy

T = 1095.00 (C)  P = 1.000 (kbars)  log(10) f O2 = -13.14  delta HM = -9.19  NNO = -4.28  QFM = -3.65  COH = -1.58  IW = 0.00

Constraint Flags: fO2 path = IW  Fractionate Solids  

Liquid           mass = 34.70 (gm)  density = 2.73 (gm/cc)  viscosity = 2.71 (log 10 poise)     (analysis in wt %)
 		G = -527330.48 (J)  H = -403723.85 (J)  S = 90.35 (J/K)  V = 12.71 (cc)  Cp = 50.44 (J/K)  
        SiO2   TiO2  Al2O3  Fe2O3  Cr2O3    FeO    MnO    MgO    NiO    CoO    CaO   Na2O    K2O   P2O5    H2O    CO2    SO3 Cl2O-1  F2O-1
       49.59   2.63  12.21   0.63   0.12  14.52   0.00   3.62   0.00   0.00  11.97   3.83   0.07   0.23   0.57   0.00   0.00   0.00   0.00

olivine          mass = 0.04 (gm)  density = 3.56 (gm/cc)     (analysis in mole %)
                 (Ca0.01Mg0.60Fe''0.40Mn0.00Co0.00Ni0.00)2SiO4
                 G = -474.20 (J)  H = -364.62 (J)  S = 0.08 (J/K)  V = 0.01 (cc)  Cp = 0.04 (J/K)  
          tephroite      fayalite    co-olivine    ni-olivine  monticellite    forsterite
               0.00         39.79          0.00          0.00          1.83         58.38

clinopyroxene    mass = 0.74 (gm)  density = 3.27 (gm/cc)     (analysis in mole %)
                 cpx Na0.03Ca0.84Fe''0.26Mg0.78Fe'''0.01Ti0.03Al0.15Si1.90O6
                 G = -11690.60 (J)  H = -9409.74 (J)  S = 1.67 (J/K)  V = 0.23 (cc)  Cp = 0.86 (J/K)  
           diopside clinoenstatit  hedenbergite alumino-buffo     buffonite      essenite       jadeite
              48.63         13.05         26.04          8.79         -2.50          3.47          2.52

feldspar         mass = 0.79 (gm)  density = 2.63 (gm/cc)     (analysis in mole %)
                 K0.00Na0.46Ca0.54Al1.54Si2.46O8
                 G = -13563.29 (J)  H = -10982.48 (J)  S = 1.89 (J/K)  V = 0.30 (cc)  Cp = 0.97 (J/K)  
             albite     anorthite      sanidine
              45.98         53.82          0.20

Total solids     mass = 1.57 (gm)  density = 2.92 (gm/cc)
                 G = -25728.09 (J)  H = -20756.83 (J)  S = 3.63 (J/K)  V = 0.54 (cc)  Cp = 1.87 (J/K)  

Summary of all fractionated phases: (total mass = 63.67 grams)

olivine          mass = 14.41 (gm)  density = 3.30 (gm/cc)	(analysis in mole %)
		    (Ca0.01Mg0.83Fe''0.17Mn0.00Co0.00Ni0.00)2SiO4
		    G = -223215.19 (J)  H = -177225.80 (J)  S = 33.61 (J/K)  V = 4.37 (cc)  Cp = 17.69 (J/K)  
	     tephroite      fayalite    co-olivine    ni-olivine  monticellite    forsterite
	          0.00         17.45          0.00          0.00          1.42         81.14

clinopyroxene    mass = 9.47 (gm)  density = 3.25 (gm/cc)	(analysis in mole %)
		    cpx Na0.02Ca0.85Fe''0.21Mg0.83Fe'''0.01Ti0.02Al0.14Si1.91O6
		    G = -150966.54 (J)  H = -121800.19 (J)  S = 21.32 (J/K)  V = 2.92 (cc)  Cp = 11.11 (J/K)  
	      diopside clinoenstatit  hedenbergite alumino-buffo     buffonite      essenite       jadeite
	         54.68         13.14         21.02          8.27         -3.27          4.05          2.10

feldspar         mass = 39.79 (gm)  density = 2.67 (gm/cc)	(analysis in mole %)
		    K0.00Na0.27Ca0.72Al1.72Si2.28O8
		    G = -682122.33 (J)  H = -554322.97 (J)  S = 93.41 (J/K)  V = 14.93 (cc)  Cp = 48.59 (J/K)  
	        albite     anorthite      sanidine
	         27.50         72.41          0.09

Viscosity of the System cannot be computed.

System           mass = 99.94 (gm)  density = 2.82 (gm/cc)
                 G = -1609362.63 (J)  H = -1277829.65 (J)  S = 242.32 (J/K)  V = 35.46 (cc)  Cp = 129.72 (J/K)  

Oxygen           delta moles = -0.000337558  delta grams = -0.0108014
                 G = 105.55 (J)  H = -12.08 (J)  S = -0.09 (J/K)  V = -38.40 (cc)  Cp = -0.01 (J/K)  

**********----------**********
Title: dummy

T = 1090.00 (C)  P = 1.000 (kbars)  log(10) f O2 = -13.21  delta HM = -9.20  NNO = -4.29  QFM = -3.65  COH = -1.60  IW = 0.00

Constraint Flags: fO2 path = IW  Fractionate Solids  

Liquid           mass = 32.83 (gm)  density = 2.73 (gm/cc)  viscosity = 2.73 (log 10 poise)     (analysis in wt %)
 		G = -497382.40 (J)  H = -380926.79 (J)  S = 85.43 (J/K)  V = 12.03 (cc)  Cp = 47.64 (J/K)  
        SiO2   TiO2  Al2O3  Fe2O3  Cr2O3    FeO    MnO    MgO    NiO    CoO    CaO   Na2O    K2O   P2O5    H2O    CO2    SO3 Cl2O-1  F2O-1
       49.65   2.62  12.04   0.65   0.10  14.86   0.00   3.42   0.00   0.00  11.84   3.90   0.07   0.24   0.61   0.00   0.00   0.00   0.00

olivine          mass = 0.05 (gm)  density = 3.58 (gm/cc)     (analysis in mole %)
                 (Ca0.01Mg0.58Fe''0.42Mn0.00Co0.00Ni0.00)2SiO4
                 G = -673.92 (J)  H = -517.17 (J)  S = 0.11 (J/K)  V = 0.01 (cc)  Cp = 0.06 (J/K)  
          tephroite      fayalite    co-olivine    ni-olivine  monticellite    forsterite
               0.00         42.05          0.00          0.00          1.88         56.07

clinopyroxene    mass = 0.80 (gm)  density = 3.27 (gm/cc)     (analysis in mole %)
                 cpx Na0.03Ca0.84Fe''0.27Mg0.77Fe'''0.01Ti0.03Al0.15Si1.90O6
                 G = -12594.11 (J)  H = -10143.54 (J)  S = 1.80 (J/K)  V = 0.25 (cc)  Cp = 0.93 (J/K)  
           diopside clinoenstatit  hedenbergite alumino-buffo     buffonite      essenite       jadeite
              47.48         12.96         27.21          8.75         -2.36          3.36          2.60

feldspar         mass = 0.87 (gm)  density = 2.63 (gm/cc)     (analysis in mole %)
                 K0.00Na0.47Ca0.53Al1.53Si2.47O8
                 G = -14960.75 (J)  H = -12124.97 (J)  S = 2.08 (J/K)  V = 0.33 (cc)  Cp = 1.07 (J/K)  
             albite     anorthite      sanidine
              47.23         52.56          0.21

spinel           mass = 0.14 (gm)  density = 4.55 (gm/cc)     (analysis in mole %)
                 Fe''1.46Mg0.33Fe'''0.09Al0.14Cr0.21Ti0.78O4
                 G = -1373.23 (J)  H = -960.50 (J)  S = 0.30 (J/K)  V = 0.03 (cc)  Cp = 0.14 (J/K)  
           chromite     hercynite     magnetite        spinel    ulvospinel
              10.43        -26.04          4.48         32.81         78.33

Total solids     mass = 1.87 (gm)  density = 3.00 (gm/cc)
                 G = -29602.01 (J)  H = -23746.18 (J)  S = 4.30 (J/K)  V = 0.62 (cc)  Cp = 2.20 (J/K)  

Summary of all fractionated phases: (total mass = 65.23 grams)

olivine          mass = 14.44 (gm)  density = 3.30 (gm/cc)	(analysis in mole %)
		    (Ca0.01Mg0.83Fe''0.17Mn0.00Co0.00Ni0.00)2SiO4
		    G = -223499.31 (J)  H = -177661.77 (J)  S = 33.63 (J/K)  V = 4.38 (cc)  Cp = 17.72 (J/K)  
	     tephroite      fayalite    co-olivine    ni-olivine  monticellite    forsterite
	          0.00         17.49          0.00          0.00          1.42         81.09

clinopyroxene    mass = 10.21 (gm)  density = 3.25 (gm/cc)	(analysis in mole %)
		    cpx Na0.02Ca0.85Fe''0.21Mg0.83Fe'''0.01Ti0.03Al0.14Si1.91O6
		    G = -162507.43 (J)  H = -131241.47 (J)  S = 22.94 (J/K)  V = 3.14 (cc)  Cp = 11.97 (J/K)  
	      diopside clinoenstatit  hedenbergite alumino-buffo     buffonite      essenite       jadeite
	         54.25         13.13         21.39          8.31         -3.22          4.01          2.13

feldspar         mass = 40.58 (gm)  density = 2.67 (gm/cc)	(analysis in mole %)
		    K0.00Na0.28Ca0.72Al1.72Si2.28O8
		    G = -695164.95 (J)  H = -565514.81 (J)  S = 95.11 (J/K)  V = 15.23 (cc)  Cp = 49.53 (J/K)  
	        albite     anorthite      sanidine
	         27.86         72.05          0.09

Viscosity of the System cannot be computed.

System           mass = 99.94 (gm)  density = 2.82 (gm/cc)
                 G = -1608156.11 (J)  H = -1279091.02 (J)  S = 241.40 (J/K)  V = 35.40 (cc)  Cp = 129.07 (J/K)  

Oxygen           delta moles = -0.000336932  delta grams = -0.0107814
                 G = 104.92 (J)  H = -12.00 (J)  S = -0.09 (J/K)  V = -38.19 (cc)  Cp = -0.01 (J/K)  

**********----------**********
Title: dummy

T = 1085.00 (C)  P = 1.000 (kbars)  log(10) f O2 = -13.29  delta HM = -9.21  NNO = -4.29  QFM = -3.66  COH = -1.61  IW = 0.00

Constraint Flags: fO2 path = IW  Fractionate Solids  

Liquid           mass = 30.96 (gm)  density = 2.73 (gm/cc)  viscosity = 2.75 (log 10 poise)     (analysis in wt %)
 		G = -467618.85 (J)  H = -358277.86 (J)  S = 80.51 (J/K)  V = 11.35 (cc)  Cp = 44.84 (J/K)  
        SiO2   TiO2  Al2O3  Fe2O3  Cr2O3    FeO    MnO    MgO    NiO    CoO    CaO   Na2O    K2O   P2O5    H2O    CO2    SO3 Cl2O-1  F2O-1
       49.78   2.56  11.88   0.66   0.07  15.16   0.00   3.22   0.00   0.00  11.72   3.97   0.07   0.26   0.64   0.00   0.00   0.00   0.00

olivine          mass = 0.04 (gm)  density = 3.61 (gm/cc)     (analysis in mole %)
                 (Ca0.01Mg0.56Fe''0.44Mn0.00Co0.00Ni0.00)2SiO4
                 G = -508.07 (J)  H = -389.05 (J)  S = 0.09 (J/K)  V = 0.01 (cc)  Cp = 0.04 (J/K)  
          tephroite      fayalite    co-olivine    ni-olivine  monticellite    forsterite
               0.00         44.45          0.00          0.00          1.93         53.61

clinopyroxene    mass = 0.80 (gm)  density = 3.28 (gm/cc)     (analysis in mole %)
                 cpx Na0.03Ca0.84Fe''0.28Mg0.75Fe'''0.01Ti0.03Al0.15Si1.90O6
                 G = -12468.72 (J)  H = -10048.80 (J)  S = 1.78 (J/K)  V = 0.24 (cc)  Cp = 0.93 (J/K)  
           diopside clinoenstatit  hedenbergite alumino-buffo     buffonite      essenite       jadeite
              46.34         12.87         28.46          8.62         -2.24          3.28          2.66

feldspar         mass = 0.86 (gm)  density = 2.63 (gm/cc)     (analysis in mole %)
                 K0.00Na0.48Ca0.51Al1.51Si2.49O8
                 G = -14658.23 (J)  H = -11890.57 (J)  S = 2.04 (J/K)  V = 0.33 (cc)  Cp = 1.05 (J/K)  
             albite     anorthite      sanidine
              48.46         51.32          0.22

spinel           mass = 0.19 (gm)  density = 4.56 (gm/cc)     (analysis in mole %)
                 Fe''1.51Mg0.31Fe'''0.09Al0.12Cr0.16Ti0.81O4
                 G = -1828.67 (J)  H = -1277.79 (J)  S = 0.41 (J/K)  V = 0.04 (cc)  Cp = 0.18 (J/K)  
           chromite     hercynite     magnetite        spinel    ulvospinel
               7.98        -24.85          4.50         30.91         81.46

Total solids     mass = 1.89 (gm)  density = 3.03 (gm/cc)
                 G = -29463.68 (J)  H = -23606.21 (J)  S = 4.31 (J/K)  V = 0.62 (cc)  Cp = 2.20 (J/K)  

Summary of all fractionated phases: (total mass = 67.09 grams)

olivine          mass = 14.49 (gm)  density = 3.30 (gm/cc)	(analysis in mole %)
		    (Ca0.01Mg0.82Fe''0.18Mn0.00Co0.00Ni0.00)2SiO4
		    G = -223983.37 (J)  H = -178250.51 (J)  S = 33.67 (J/K)  V = 4.39 (cc)  Cp = 17.77 (J/K)  
	     tephroite      fayalite    co-olivine    ni-olivine  monticellite    forsterite
	          0.00         17.57          0.00          0.00          1.42         81.01

clinopyroxene    mass = 11.01 (gm)  density = 3.25 (gm/cc)	(analysis in mole %)
		    cpx Na0.02Ca0.85Fe''0.22Mg0.83Fe'''0.01Ti0.03Al0.14Si1.91O6
		    G = -174943.26 (J)  H = -141421.20 (J)  S = 24.68 (J/K)  V = 3.39 (cc)  Cp = 12.90 (J/K)  
	      diopside clinoenstatit  hedenbergite alumino-buffo     buffonite      essenite       jadeite
	         53.76         13.12         21.81          8.34         -3.16          3.96          2.17

feldspar         mass = 41.45 (gm)  density = 2.66 (gm/cc)	(analysis in mole %)
		    K0.00Na0.28Ca0.72Al1.72Si2.28O8
		    G = -709595.98 (J)  H = -577854.23 (J)  S = 97.00 (J/K)  V = 15.55 (cc)  Cp = 50.57 (J/K)  
	        albite     anorthite      sanidine
	         28.27         71.63          0.09

spinel           mass = 0.14 (gm)  density = 4.55 (gm/cc)	(analysis in mole %)
		    Fe''1.46Mg0.33Fe'''0.09Al0.14Cr0.21Ti0.78O4
		    G = -1351.62 (J)  H = -947.09 (J)  S = 0.30 (J/K)  V = 0.03 (cc)  Cp = 0.13 (J/K)  
	      chromite     hercynite     magnetite        spinel    ulvospinel
	         10.43        -26.04          4.48         32.81         78.33

Viscosity of the System cannot be computed.

System           mass = 99.94 (gm)  density = 2.83 (gm/cc)
                 G = -1606956.77 (J)  H = -1280357.10 (J)  S = 240.47 (J/K)  V = 35.33 (cc)  Cp = 128.41 (J/K)  

Oxygen           delta moles = -0.000333622  delta grams = -0.0106755
                 G = 103.47 (J)  H = -11.82 (J)  S = -0.08 (J/K)  V = -37.67 (cc)  Cp = -0.01 (J/K)  

**********----------**********
Title: dummy

T = 1080.00 (C)  P = 1.000 (kbars)  log(10) f O2 = -13.36  delta HM = -9.22  NNO = -4.30  QFM = -3.67  COH = -1.62  IW = 0.00

Constraint Flags: fO2 path = IW  Fractionate Solids  

Liquid           mass = 29.21 (gm)  density = 2.73 (gm/cc)  viscosity = 2.78 (log 10 poise)     (analysis in wt %)
 		G = -439987.71 (J)  H = -337259.25 (J)  S = 75.92 (J/K)  V = 10.71 (cc)  Cp = 42.23 (J/K)  
        SiO2   TiO2  Al2O3  Fe2O3  Cr2O3    FeO    MnO    MgO    NiO    CoO    CaO   Na2O    K2O   P2O5    H2O    CO2    SO3 Cl2O-1  F2O-1
       49.93   2.49  11.72   0.67   0.04  15.44   0.00   3.01   0.00   0.00  11.61   4.05   0.08   0.27   0.68   0.00   0.00   0.00   0.00

olivine          mass = 0.04 (gm)  density = 3.64 (gm/cc)     (analysis in mole %)
                 (Ca0.01Mg0.53Fe''0.47Mn0.00Co0.00Ni0.00)2SiO4
                 G = -564.45 (J)  H = -431.23 (J)  S = 0.10 (J/K)  V = 0.01 (cc)  Cp = 0.05 (J/K)  
          tephroite      fayalite    co-olivine    ni-olivine  monticellite    forsterite
               0.00         46.95          0.00          0.00          2.00         51.06

clinopyroxene    mass = 0.73 (gm)  density = 3.28 (gm/cc)     (analysis in mole %)
                 cpx Na0.03Ca0.85Fe''0.30Mg0.74Fe'''0.01Ti0.03Al0.14Si1.90O6
                 G = -11353.01 (J)  H = -9155.15 (J)  S = 1.62 (J/K)  V = 0.22 (cc)  Cp = 0.84 (J/K)  
           diopside clinoenstatit  hedenbergite alumino-buffo     buffonite      essenite       jadeite
              45.18         12.77         29.78          8.46         -2.12          3.20          2.73

feldspar         mass = 0.80 (gm)  density = 2.62 (gm/cc)     (analysis in mole %)
                 K0.00Na0.50Ca0.50Al1.50Si2.50O8
                 G = -13677.09 (J)  H = -11104.87 (J)  S = 1.90 (J/K)  V = 0.30 (cc)  Cp = 0.98 (J/K)  
             albite     anorthite      sanidine
              49.64         50.13          0.24

spinel           mass = 0.19 (gm)  density = 4.57 (gm/cc)     (analysis in mole %)
                 Fe''1.55Mg0.29Fe'''0.09Al0.11Cr0.12Ti0.84O4
                 G = -1760.69 (J)  H = -1229.44 (J)  S = 0.39 (J/K)  V = 0.04 (cc)  Cp = 0.18 (J/K)  
           chromite     hercynite     magnetite        spinel    ulvospinel
               6.02        -23.53          4.53         29.04         83.93

Total solids     mass = 1.76 (gm)  density = 3.04 (gm/cc)
                 G = -27355.24 (J)  H = -21920.70 (J)  S = 4.02 (J/K)  V = 0.58 (cc)  Cp = 2.05 (J/K)  

Summary of all fractionated phases: (total mass = 68.97 grams)

olivine          mass = 14.53 (gm)  density = 3.30 (gm/cc)	(analysis in mole %)
		    (Ca0.01Mg0.82Fe''0.18Mn0.00Co0.00Ni0.00)2SiO4
		    G = -224301.55 (J)  H = -178711.49 (J)  S = 33.69 (J/K)  V = 4.40 (cc)  Cp = 17.80 (J/K)  
	     tephroite      fayalite    co-olivine    ni-olivine  monticellite    forsterite
	          0.00         17.63          0.00          0.00          1.42         80.95

clinopyroxene    mass = 11.80 (gm)  density = 3.25 (gm/cc)	(analysis in mole %)
		    cpx Na0.02Ca0.85Fe''0.22Mg0.82Fe'''0.01Ti0.03Al0.14Si1.91O6
		    G = -187245.22 (J)  H = -151510.80 (J)  S = 26.41 (J/K)  V = 3.63 (cc)  Cp = 13.81 (J/K)  
	      diopside clinoenstatit  hedenbergite alumino-buffo     buffonite      essenite       jadeite
	         53.27         13.10         22.25          8.36         -3.10          3.92          2.20

feldspar         mass = 42.30 (gm)  density = 2.66 (gm/cc)	(analysis in mole %)
		    K0.00Na0.29Ca0.71Al1.71Si2.29O8
		    G = -723715.45 (J)  H = -589964.31 (J)  S = 98.84 (J/K)  V = 15.88 (cc)  Cp = 51.59 (J/K)  
	        albite     anorthite      sanidine
	         28.68         71.22          0.10

spinel           mass = 0.33 (gm)  density = 4.56 (gm/cc)	(analysis in mole %)
		    Fe''1.48Mg0.32Fe'''0.09Al0.13Cr0.18Ti0.80O4
		    G = -3156.79 (J)  H = -2212.44 (J)  S = 0.70 (J/K)  V = 0.07 (cc)  Cp = 0.31 (J/K)  
	      chromite     hercynite     magnetite        spinel    ulvospinel
	          9.02        -25.36          4.49         31.72         80.12

Viscosity of the System cannot be computed.

System           mass = 99.94 (gm)  density = 2.83 (gm/cc)
                 G = -1605761.96 (J)  H = -1281578.99 (J)  S = 239.58 (J/K)  V = 35.27 (cc)  Cp = 127.80 (J/K)  

Oxygen           delta moles = -0.000330577  delta grams = -0.0105781
                 G = 102.10 (J)  H = -11.65 (J)  S = -0.08 (J/K)  V = -37.19 (cc)  Cp = -0.01 (J/K)  

**********----------**********
Title: dummy

T = 1075.00 (C)  P = 1.000 (kbars)  log(10) f O2 = -13.43  delta HM = -9.22  NNO = -4.30  QFM = -3.68  COH = -1.63  IW = 0.00

Constraint Flags: fO2 path = IW  Fractionate Solids  

Liquid           mass = 27.58 (gm)  density = 2.72 (gm/cc)  viscosity = 2.81 (log 10 poise)     (analysis in wt %)
 		G = -414515.55 (J)  H = -317891.43 (J)  S = 71.67 (J/K)  V = 10.13 (cc)  Cp = 39.82 (J/K)  
        SiO2   TiO2  Al2O3  Fe2O3  Cr2O3    FeO    MnO    MgO    NiO    CoO    CaO   Na2O    K2O   P2O5    H2O    CO2    SO3 Cl2O-1  F2O-1
       50.10   2.40  11.56   0.68   0.03  15.70   0.00   2.80   0.00   0.00  11.52   4.12   0.08   0.29   0.72   0.00   0.00   0.00   0.00

olivine          mass = 0.05 (gm)  density = 3.67 (gm/cc)     (analysis in mole %)
                 (Ca0.01Mg0.50Fe''0.50Mn0.00Co0.00Ni0.00)2SiO4
                 G = -652.33 (J)  H = -497.17 (J)  S = 0.12 (J/K)  V = 0.01 (cc)  Cp = 0.06 (J/K)  
          tephroite      fayalite    co-olivine    ni-olivine  monticellite    forsterite
               0.00         49.51          0.00          0.00          2.06         48.43

clinopyroxene    mass = 0.66 (gm)  density = 3.29 (gm/cc)     (analysis in mole %)
                 cpx Na0.03Ca0.85Fe''0.31Mg0.72Fe'''0.01Ti0.03Al0.14Si1.91O6
                 G = -10216.29 (J)  H = -8243.31 (J)  S = 1.46 (J/K)  V = 0.20 (cc)  Cp = 0.76 (J/K)  
           diopside clinoenstatit  hedenbergite alumino-buffo     buffonite      essenite       jadeite
              43.99         12.64         31.16          8.30         -2.01          3.13          2.79

feldspar         mass = 0.74 (gm)  density = 2.62 (gm/cc)     (analysis in mole %)
                 K0.00Na0.51Ca0.49Al1.49Si2.51O8
                 G = -12705.90 (J)  H = -10325.92 (J)  S = 1.77 (J/K)  V = 0.28 (cc)  Cp = 0.91 (J/K)  
             albite     anorthite      sanidine
              50.76         48.99          0.25

spinel           mass = 0.18 (gm)  density = 4.58 (gm/cc)     (analysis in mole %)
                 Fe''1.59Mg0.27Fe'''0.09Al0.10Cr0.09Ti0.86O4
                 G = -1643.85 (J)  H = -1147.34 (J)  S = 0.37 (J/K)  V = 0.04 (cc)  Cp = 0.16 (J/K)  
           chromite     hercynite     magnetite        spinel    ulvospinel
               4.43        -22.15          4.58         27.22         85.92

Total solids     mass = 1.63 (gm)  density = 3.04 (gm/cc)
                 G = -25218.38 (J)  H = -20213.74 (J)  S = 3.71 (J/K)  V = 0.54 (cc)  Cp = 1.89 (J/K)  

Summary of all fractionated phases: (total mass = 70.72 grams)

olivine          mass = 14.57 (gm)  density = 3.30 (gm/cc)	(analysis in mole %)
		    (Ca0.01Mg0.82Fe''0.18Mn0.00Co0.00Ni0.00)2SiO4
		    G = -224676.34 (J)  H = -179214.90 (J)  S = 33.72 (J/K)  V = 4.41 (cc)  Cp = 17.84 (J/K)  
	     tephroite      fayalite    co-olivine    ni-olivine  monticellite    forsterite
	          0.00         17.71          0.00          0.00          1.42         80.87

clinopyroxene    mass = 12.53 (gm)  density = 3.26 (gm/cc)	(analysis in mole %)
		    cpx Na0.02Ca0.85Fe''0.23Mg0.82Fe'''0.01Ti0.03Al0.14Si1.91O6
		    G = -198423.75 (J)  H = -160710.98 (J)  S = 27.97 (J/K)  V = 3.85 (cc)  Cp = 14.65 (J/K)  
	      diopside clinoenstatit  hedenbergite alumino-buffo     buffonite      essenite       jadeite
	         52.80         13.09         22.68          8.36         -3.04          3.88          2.23

feldspar         mass = 43.10 (gm)  density = 2.66 (gm/cc)	(analysis in mole %)
		    K0.00Na0.29Ca0.71Al1.71Si2.29O8
		    G = -736845.32 (J)  H = -601293.46 (J)  S = 100.55 (J/K)  V = 16.18 (cc)  Cp = 52.54 (J/K)  
	        albite     anorthite      sanidine
	         29.07         70.83          0.10

spinel           mass = 0.52 (gm)  density = 4.56 (gm/cc)	(analysis in mole %)
		    Fe''1.51Mg0.31Fe'''0.09Al0.12Cr0.16Ti0.81O4
		    G = -4892.17 (J)  H = -3430.35 (J)  S = 1.08 (J/K)  V = 0.11 (cc)  Cp = 0.49 (J/K)  
	      chromite     hercynite     magnetite        spinel    ulvospinel
	          7.95        -24.71          4.51         30.77         81.48

Viscosity of the System cannot be computed.

System           mass = 99.94 (gm)  density = 2.84 (gm/cc)
                 G = -1604571.51 (J)  H = -1282754.85 (J)  S = 238.71 (J/K)  V = 35.22 (cc)  Cp = 127.23 (J/K)  

Oxygen           delta moles = -0.000328064  delta grams = -0.0104977
                 G = 100.91 (J)  H = -11.50 (J)  S = -0.08 (J/K)  V = -36.77 (cc)  Cp = -0.01 (J/K)  

**********----------**********
Title: dummy

T = 1070.00 (C)  P = 1.000 (kbars)  log(10) f O2 = -13.51  delta HM = -9.23  NNO = -4.31  QFM = -3.68  COH = -1.65  IW = 0.00

Constraint Flags: fO2 path = IW  Fractionate Solids  

Liquid           mass = 26.09 (gm)  density = 2.72 (gm/cc)  viscosity = 2.84 (log 10 poise)     (analysis in wt %)
 		G = -391118.41 (J)  H = -300110.55 (J)  S = 67.76 (J/K)  V = 9.59 (cc)  Cp = 37.60 (J/K)  
        SiO2   TiO2  Al2O3  Fe2O3  Cr2O3    FeO    MnO    MgO    NiO    CoO    CaO   Na2O    K2O   P2O5    H2O    CO2    SO3 Cl2O-1  F2O-1
       50.26   2.31  11.41   0.69   0.01  15.93   0.00   2.60   0.00   0.00  11.44   4.19   0.08   0.31   0.76   0.00   0.00   0.00   0.00

olivine          mass = 0.06 (gm)  density = 3.70 (gm/cc)     (analysis in mole %)
                 (Ca0.01Mg0.48Fe''0.52Mn0.00Co0.00Ni0.00)2SiO4
                 G = -753.47 (J)  H = -572.82 (J)  S = 0.13 (J/K)  V = 0.02 (cc)  Cp = 0.07 (J/K)  
          tephroite      fayalite    co-olivine    ni-olivine  monticellite    forsterite
               0.00         52.13          0.00          0.00          2.13         45.74

clinopyroxene    mass = 0.59 (gm)  density = 3.30 (gm/cc)     (analysis in mole %)
                 cpx Na0.03Ca0.85Fe''0.33Mg0.71Fe'''0.01Ti0.03Al0.14Si1.91O6
                 G = -9122.47 (J)  H = -7364.89 (J)  S = 1.31 (J/K)  V = 0.18 (cc)  Cp = 0.68 (J/K)  
           diopside clinoenstatit  hedenbergite alumino-buffo     buffonite      essenite       jadeite
              42.77         12.50         32.61          8.12         -1.90          3.06          2.85

feldspar         mass = 0.69 (gm)  density = 2.62 (gm/cc)     (analysis in mole %)
                 K0.00Na0.52Ca0.48Al1.48Si2.52O8
                 G = -11781.85 (J)  H = -9583.96 (J)  S = 1.64 (J/K)  V = 0.26 (cc)  Cp = 0.84 (J/K)  
             albite     anorthite      sanidine
              51.83         47.90          0.27

spinel           mass = 0.16 (gm)  density = 4.59 (gm/cc)     (analysis in mole %)
                 Fe''1.62Mg0.25Fe'''0.09Al0.09Cr0.06Ti0.88O4
                 G = -1505.87 (J)  H = -1050.76 (J)  S = 0.34 (J/K)  V = 0.04 (cc)  Cp = 0.15 (J/K)  
           chromite     hercynite     magnetite        spinel    ulvospinel
               3.11        -20.77          4.65         25.47         87.54

Total solids     mass = 1.50 (gm)  density = 3.04 (gm/cc)
                 G = -23163.66 (J)  H = -18572.43 (J)  S = 3.42 (J/K)  V = 0.49 (cc)  Cp = 1.74 (J/K)  

Summary of all fractionated phases: (total mass = 72.34 grams)

olivine          mass = 14.62 (gm)  density = 3.31 (gm/cc)	(analysis in mole %)
		    (Ca0.01Mg0.82Fe''0.18Mn0.00Co0.00Ni0.00)2SiO4
		    G = -225139.23 (J)  H = -179784.48 (J)  S = 33.77 (J/K)  V = 4.42 (cc)  Cp = 17.89 (J/K)  
	     tephroite      fayalite    co-olivine    ni-olivine  monticellite    forsterite
	          0.00         17.81          0.00          0.00          1.43         80.77

clinopyroxene    mass = 13.19 (gm)  density = 3.26 (gm/cc)	(analysis in mole %)
		    cpx Na0.02Ca0.85Fe''0.23Mg0.81Fe'''0.01Ti0.03Al0.14Si1.91O6
		    G = -208458.68 (J)  H = -169003.11 (J)  S = 29.38 (J/K)  V = 4.05 (cc)  Cp = 15.40 (J/K)  
	      diopside clinoenstatit  hedenbergite alumino-buffo     buffonite      essenite       jadeite
	         52.37         13.06         23.10          8.36         -2.99          3.84          2.26

feldspar         mass = 43.84 (gm)  density = 2.66 (gm/cc)	(analysis in mole %)
		    K0.00Na0.29Ca0.70Al1.70Si2.30O8
		    G = -748996.24 (J)  H = -611848.09 (J)  S = 102.11 (J/K)  V = 16.46 (cc)  Cp = 53.42 (J/K)  
	        albite     anorthite      sanidine
	         29.45         70.45          0.10

spinel           mass = 0.69 (gm)  density = 4.57 (gm/cc)	(analysis in mole %)
		    Fe''1.53Mg0.30Fe'''0.09Al0.12Cr0.14Ti0.83O4
		    G = -6509.05 (J)  H = -4567.01 (J)  S = 1.45 (J/K)  V = 0.15 (cc)  Cp = 0.65 (J/K)  
	      chromite     hercynite     magnetite        spinel    ulvospinel
	          7.07        -24.07          4.53         29.88         82.59

Viscosity of the System cannot be computed.

System           mass = 99.94 (gm)  density = 2.84 (gm/cc)
                 G = -1603385.26 (J)  H = -1283885.67 (J)  S = 237.87 (J/K)  V = 35.17 (cc)  Cp = 126.70 (J/K)  

Oxygen           delta moles = -0.00032622  delta grams = -0.0104387
                 G = 99.93 (J)  H = -11.38 (J)  S = -0.08 (J/K)  V = -36.43 (cc)  Cp = -0.01 (J/K)  

**********----------**********
Title: dummy

T = 1065.00 (C)  P = 1.000 (kbars)  log(10) f O2 = -13.58  delta HM = -9.24  NNO = -4.31  QFM = -3.69  COH = -1.66  IW = 0.00

Constraint Flags: fO2 path = IW  Fractionate Solids  

Liquid           mass = 24.71 (gm)  density = 2.72 (gm/cc)  viscosity = 2.87 (log 10 poise)     (analysis in wt %)
 		G = -369645.38 (J)  H = -283801.56 (J)  S = 64.15 (J/K)  V = 9.09 (cc)  Cp = 35.57 (J/K)  
        SiO2   TiO2  Al2O3  Fe2O3  Cr2O3    FeO    MnO    MgO    NiO    CoO    CaO   Na2O    K2O   P2O5    H2O    CO2    SO3 Cl2O-1  F2O-1
       50.44   2.22  11.25   0.70   0.01  16.13   0.00   2.40   0.00   0.00  11.38   4.26   0.09   0.32   0.81   0.00   0.00   0.00   0.00

olivine          mass = 0.07 (gm)  density = 3.73 (gm/cc)     (analysis in mole %)
                 (Ca0.01Mg0.45Fe''0.55Mn0.00Co0.00Ni0.00)2SiO4
                 G = -852.00 (J)  H = -646.08 (J)  S = 0.15 (J/K)  V = 0.02 (cc)  Cp = 0.08 (J/K)  
          tephroite      fayalite    co-olivine    ni-olivine  monticellite    forsterite
               0.00         54.77          0.00          0.00          2.21         43.02

clinopyroxene    mass = 0.53 (gm)  density = 3.30 (gm/cc)     (analysis in mole %)
                 cpx Na0.03Ca0.85Fe''0.34Mg0.69Fe'''0.01Ti0.03Al0.14Si1.91O6
                 G = -8114.39 (J)  H = -6554.61 (J)  S = 1.17 (J/K)  V = 0.16 (cc)  Cp = 0.61 (J/K)  
           diopside clinoenstatit  hedenbergite alumino-buffo     buffonite      essenite       jadeite
              41.50         12.33         34.12          7.95         -1.79          2.99          2.90

feldspar         mass = 0.64 (gm)  density = 2.62 (gm/cc)     (analysis in mole %)
                 K0.00Na0.53Ca0.47Al1.47Si2.53O8
                 G = -10925.48 (J)  H = -8895.77 (J)  S = 1.52 (J/K)  V = 0.24 (cc)  Cp = 0.78 (J/K)  
             albite     anorthite      sanidine
              52.85         46.86          0.28

spinel           mass = 0.15 (gm)  density = 4.60 (gm/cc)     (analysis in mole %)
                 Fe''1.65Mg0.24Fe'''0.09Al0.09Cr0.04Ti0.89O4
                 G = -1366.33 (J)  H = -953.31 (J)  S = 0.31 (J/K)  V = 0.03 (cc)  Cp = 0.14 (J/K)  
           chromite     hercynite     magnetite        spinel    ulvospinel
               2.02        -19.40          4.71         23.79         88.87

Total solids     mass = 1.39 (gm)  density = 3.04 (gm/cc)
                 G = -21258.19 (J)  H = -17049.77 (J)  S = 3.14 (J/K)  V = 0.46 (cc)  Cp = 1.60 (J/K)  

Summary of all fractionated phases: (total mass = 73.84 grams)

olivine          mass = 14.68 (gm)  density = 3.31 (gm/cc)	(analysis in mole %)
		    (Ca0.01Mg0.82Fe''0.18Mn0.00Co0.00Ni0.00)2SiO4
		    G = -225703.47 (J)  H = -180429.94 (J)  S = 33.83 (J/K)  V = 4.44 (cc)  Cp = 17.94 (J/K)  
	     tephroite      fayalite    co-olivine    ni-olivine  monticellite    forsterite
	          0.00         17.93          0.00          0.00          1.43         80.64

clinopyroxene    mass = 13.77 (gm)  density = 3.26 (gm/cc)	(analysis in mole %)
		    cpx Na0.02Ca0.85Fe''0.23Mg0.81Fe'''0.01Ti0.03Al0.14Si1.91O6
		    G = -217393.69 (J)  H = -176420.21 (J)  S = 30.62 (J/K)  V = 4.22 (cc)  Cp = 16.07 (J/K)  
	      diopside clinoenstatit  hedenbergite alumino-buffo     buffonite      essenite       jadeite
	         51.96         13.04         23.50          8.35         -2.94          3.81          2.28

feldspar         mass = 44.53 (gm)  density = 2.66 (gm/cc)	(analysis in mole %)
		    K0.00Na0.30Ca0.70Al1.70Si2.30O8
		    G = -760215.97 (J)  H = -621664.85 (J)  S = 103.54 (J/K)  V = 16.72 (cc)  Cp = 54.23 (J/K)  
	        albite     anorthite      sanidine
	         29.80         70.10          0.10

spinel           mass = 0.85 (gm)  density = 4.57 (gm/cc)	(analysis in mole %)
		    Fe''1.54Mg0.29Fe'''0.09Al0.11Cr0.13Ti0.84O4
		    G = -7986.43 (J)  H = -5607.88 (J)  S = 1.78 (J/K)  V = 0.19 (cc)  Cp = 0.80 (J/K)  
	      chromite     hercynite     magnetite        spinel    ulvospinel
	          6.33        -23.45          4.55         29.06         83.52

Viscosity of the System cannot be computed.

System           mass = 99.94 (gm)  density = 2.85 (gm/cc)
                 G = -1602203.12 (J)  H = -1284974.23 (J)  S = 237.07 (J/K)  V = 35.12 (cc)  Cp = 126.21 (J/K)  

Oxygen           delta moles = -0.000325077  delta grams = -0.0104021
                 G = 99.16 (J)  H = -11.28 (J)  S = -0.08 (J/K)  V = -36.17 (cc)  Cp = -0.01 (J/K)  

**********----------**********
Title: dummy

T = 1060.00 (C)  P = 1.000 (kbars)  log(10) f O2 = -13.66  delta HM = -9.25  NNO = -4.32  QFM = -3.70  COH = -1.67  IW = 0.00

Constraint Flags: fO2 path = IW  Fractionate Solids  

Liquid           mass = 23.44 (gm)  density = 2.71 (gm/cc)  viscosity = 2.90 (log 10 poise)     (analysis in wt %)
 		G = -349905.62 (J)  H = -268818.74 (J)  S = 60.82 (J/K)  V = 8.64 (cc)  Cp = 33.69 (J/K)  
        SiO2   TiO2  Al2O3  Fe2O3  Cr2O3    FeO    MnO    MgO    NiO    CoO    CaO   Na2O    K2O   P2O5    H2O    CO2    SO3 Cl2O-1  F2O-1
       50.62   2.13  11.09   0.71   0.00  16.31   0.00   2.20   0.00   0.00  11.33   4.32   0.09   0.34   0.85   0.00   0.00   0.00   0.00

olivine          mass = 0.08 (gm)  density = 3.76 (gm/cc)     (analysis in mole %)
                 (Ca0.01Mg0.43Fe''0.57Mn0.00Co0.00Ni0.00)2SiO4
                 G = -934.83 (J)  H = -707.09 (J)  S = 0.17 (J/K)  V = 0.02 (cc)  Cp = 0.08 (J/K)  
          tephroite      fayalite    co-olivine    ni-olivine  monticellite    forsterite
               0.00         57.41          0.00          0.00          2.28         40.31

clinopyroxene    mass = 0.47 (gm)  density = 3.31 (gm/cc)     (analysis in mole %)
                 cpx Na0.03Ca0.85Fe''0.36Mg0.68Fe'''0.01Ti0.03Al0.14Si1.91O6
                 G = -7219.56 (J)  H = -5834.84 (J)  S = 1.04 (J/K)  V = 0.14 (cc)  Cp = 0.54 (J/K)  
           diopside clinoenstatit  hedenbergite alumino-buffo     buffonite      essenite       jadeite
              40.17         12.14         35.70          7.77         -1.68          2.93          2.96

feldspar         mass = 0.59 (gm)  density = 2.62 (gm/cc)     (analysis in mole %)
                 K0.00Na0.54Ca0.46Al1.46Si2.54O8
                 G = -10147.63 (J)  H = -8270.35 (J)  S = 1.41 (J/K)  V = 0.23 (cc)  Cp = 0.73 (J/K)  
             albite     anorthite      sanidine
              53.83         45.87          0.30

spinel           mass = 0.14 (gm)  density = 4.61 (gm/cc)     (analysis in mole %)
                 Fe''1.68Mg0.22Fe'''0.10Al0.08Cr0.02Ti0.90O4
                 G = -1240.04 (J)  H = -865.26 (J)  S = 0.28 (J/K)  V = 0.03 (cc)  Cp = 0.13 (J/K)  
           chromite     hercynite     magnetite        spinel    ulvospinel
               1.13        -18.07          4.79         22.19         89.95

Total solids     mass = 1.28 (gm)  density = 3.05 (gm/cc)
                 G = -19542.06 (J)  H = -15677.54 (J)  S = 2.90 (J/K)  V = 0.42 (cc)  Cp = 1.48 (J/K)  

Summary of all fractionated phases: (total mass = 75.22 grams)

olivine          mass = 14.75 (gm)  density = 3.31 (gm/cc)	(analysis in mole %)
		    (Ca0.01Mg0.82Fe''0.18Mn0.00Co0.00Ni0.00)2SiO4
		    G = -226366.40 (J)  H = -181148.89 (J)  S = 33.92 (J/K)  V = 4.46 (cc)  Cp = 18.01 (J/K)  
	     tephroite      fayalite    co-olivine    ni-olivine  monticellite    forsterite
	          0.00         18.08          0.00          0.00          1.43         80.49

clinopyroxene    mass = 14.30 (gm)  density = 3.26 (gm/cc)	(analysis in mole %)
		    cpx Na0.02Ca0.85Fe''0.24Mg0.80Fe'''0.01Ti0.03Al0.14Si1.91O6
		    G = -225315.25 (J)  H = -183030.05 (J)  S = 31.72 (J/K)  V = 4.38 (cc)  Cp = 16.67 (J/K)  
	      diopside clinoenstatit  hedenbergite alumino-buffo     buffonite      essenite       jadeite
	         51.59         13.01         23.88          8.34         -2.90          3.78          2.31

feldspar         mass = 45.16 (gm)  density = 2.66 (gm/cc)	(analysis in mole %)
		    K0.00Na0.30Ca0.70Al1.70Si2.30O8
		    G = -770572.81 (J)  H = -630797.23 (J)  S = 104.85 (J/K)  V = 16.96 (cc)  Cp = 54.98 (J/K)  
	        albite     anorthite      sanidine
	         30.13         69.77          0.11

spinel           mass = 1.00 (gm)  density = 4.58 (gm/cc)	(analysis in mole %)
		    Fe''1.56Mg0.28Fe'''0.09Al0.11Cr0.11Ti0.84O4
		    G = -9322.92 (J)  H = -6552.04 (J)  S = 2.08 (J/K)  V = 0.22 (cc)  Cp = 0.93 (J/K)  
	      chromite     hercynite     magnetite        spinel    ulvospinel
	          5.70        -22.86          4.57         28.29         84.30

Viscosity of the System cannot be computed.

System           mass = 99.94 (gm)  density = 2.85 (gm/cc)
                 G = -1601025.05 (J)  H = -1286024.50 (J)  S = 236.28 (J/K)  V = 35.08 (cc)  Cp = 125.76 (J/K)  

Oxygen           delta moles = -0.000324563  delta grams = -0.0103856
                 G = 98.59 (J)  H = -11.21 (J)  S = -0.08 (J/K)  V = -35.98 (cc)  Cp = -0.01 (J/K)  

**********----------**********
Title: dummy

T = 1055.00 (C)  P = 1.000 (kbars)  log(10) f O2 = -13.73  delta HM = -9.26  NNO = -4.32  QFM = -3.70  COH = -1.69  IW = 0.00

Constraint Flags: fO2 path = IW  Fractionate Solids  

Liquid           mass = 22.26 (gm)  density = 2.71 (gm/cc)  viscosity = 2.93 (log 10 poise)     (analysis in wt %)
 		G = -331672.82 (J)  H = -254989.10 (J)  S = 57.74 (J/K)  V = 8.21 (cc)  Cp = 31.96 (J/K)  
        SiO2   TiO2  Al2O3  Fe2O3  Cr2O3    FeO    MnO    MgO    NiO    CoO    CaO   Na2O    K2O   P2O5    H2O    CO2    SO3 Cl2O-1  F2O-1
       50.81   2.04  10.93   0.72   0.00  16.45   0.00   2.01   0.00   0.00  11.30   4.39   0.09   0.36   0.90   0.00   0.00   0.00   0.00

olivine          mass = 0.08 (gm)  density = 3.79 (gm/cc)     (analysis in mole %)
                 (Ca0.01Mg0.40Fe''0.60Mn0.00Co0.00Ni0.00)2SiO4
                 G = -989.82 (J)  H = -746.80 (J)  S = 0.18 (J/K)  V = 0.02 (cc)  Cp = 0.09 (J/K)  
          tephroite      fayalite    co-olivine    ni-olivine  monticellite    forsterite
               0.00         60.02          0.00          0.00          2.36         37.61

clinopyroxene    mass = 0.42 (gm)  density = 3.32 (gm/cc)     (analysis in mole %)
                 cpx Na0.03Ca0.85Fe''0.37Mg0.66Fe'''0.01Ti0.03Al0.13Si1.91O6
                 G = -6460.69 (J)  H = -5224.13 (J)  S = 0.93 (J/K)  V = 0.13 (cc)  Cp = 0.48 (J/K)  
           diopside clinoenstatit  hedenbergite alumino-buffo     buffonite      essenite       jadeite
              38.79         11.94         37.37          7.59         -1.57          2.87          3.02

feldspar         mass = 0.55 (gm)  density = 2.61 (gm/cc)     (analysis in mole %)
                 K0.00Na0.55Ca0.45Al1.45Si2.55O8
                 G = -9458.01 (J)  H = -7715.76 (J)  S = 1.31 (J/K)  V = 0.21 (cc)  Cp = 0.68 (J/K)  
             albite     anorthite      sanidine
              54.76         44.92          0.31

spinel           mass = 0.13 (gm)  density = 4.62 (gm/cc)     (analysis in mole %)
                 Fe''1.70Mg0.21Fe'''0.10Al0.08Cr0.01Ti0.91O4
                 G = -1142.47 (J)  H = -797.34 (J)  S = 0.26 (J/K)  V = 0.03 (cc)  Cp = 0.12 (J/K)  
           chromite     hercynite     magnetite        spinel    ulvospinel
               0.47        -16.76          4.88         20.67         90.75

Total solids     mass = 1.19 (gm)  density = 3.05 (gm/cc)
                 G = -18050.99 (J)  H = -14484.03 (J)  S = 2.69 (J/K)  V = 0.39 (cc)  Cp = 1.37 (J/K)  

Summary of all fractionated phases: (total mass = 76.49 grams)

olivine          mass = 14.83 (gm)  density = 3.31 (gm/cc)	(analysis in mole %)
		    (Ca0.01Mg0.82Fe''0.18Mn0.00Co0.00Ni0.00)2SiO4
		    G = -227112.28 (J)  H = -181929.10 (J)  S = 34.02 (J/K)  V = 4.48 (cc)  Cp = 18.08 (J/K)  
	     tephroite      fayalite    co-olivine    ni-olivine  monticellite    forsterite
	          0.00         18.25          0.00          0.00          1.44         80.31

clinopyroxene    mass = 14.77 (gm)  density = 3.26 (gm/cc)	(analysis in mole %)
		    cpx Na0.02Ca0.85Fe''0.24Mg0.80Fe'''0.01Ti0.03Al0.14Si1.91O6
		    G = -232337.25 (J)  H = -188922.82 (J)  S = 32.69 (J/K)  V = 4.52 (cc)  Cp = 17.20 (J/K)  
	      diopside clinoenstatit  hedenbergite alumino-buffo     buffonite      essenite       jadeite
	         51.23         12.99         24.25          8.32         -2.86          3.75          2.33

feldspar         mass = 45.76 (gm)  density = 2.66 (gm/cc)	(analysis in mole %)
		    K0.00Na0.30Ca0.69Al1.69Si2.31O8
		    G = -780145.83 (J)  H = -639307.70 (J)  S = 106.04 (J/K)  V = 17.19 (cc)  Cp = 55.67 (J/K)  
	        albite     anorthite      sanidine
	         30.44         69.45          0.11

spinel           mass = 1.13 (gm)  density = 4.58 (gm/cc)	(analysis in mole %)
		    Fe''1.57Mg0.28Fe'''0.09Al0.11Cr0.10Ti0.85O4
		    G = -10531.93 (J)  H = -7408.80 (J)  S = 2.35 (J/K)  V = 0.25 (cc)  Cp = 1.06 (J/K)  
	      chromite     hercynite     magnetite        spinel    ulvospinel
	          5.17        -22.30          4.60         27.58         84.96

Viscosity of the System cannot be computed.

System           mass = 99.94 (gm)  density = 2.85 (gm/cc)
                 G = -1599851.09 (J)  H = -1287041.56 (J)  S = 235.52 (J/K)  V = 35.04 (cc)  Cp = 125.34 (J/K)  

Oxygen           delta moles = -0.000324472  delta grams = -0.0103827
                 G = 98.16 (J)  H = -11.14 (J)  S = -0.08 (J/K)  V = -35.83 (cc)  Cp = -0.01 (J/K)  

**********----------**********
Title: dummy

T = 1050.00 (C)  P = 1.000 (kbars)  log(10) f O2 = -13.81  delta HM = -9.27  NNO = -4.33  QFM = -3.71  COH = -1.70  IW = 0.00

Constraint Flags: fO2 path = IW  Fractionate Solids  

Liquid           mass = 21.15 (gm)  density = 2.71 (gm/cc)  viscosity = 2.96 (log 10 poise)     (analysis in wt %)
 		G = -314701.75 (J)  H = -242125.13 (J)  S = 54.85 (J/K)  V = 7.82 (cc)  Cp = 30.34 (J/K)  
        SiO2   TiO2  Al2O3  Fe2O3  Cr2O3    FeO    MnO    MgO    NiO    CoO    CaO   Na2O    K2O   P2O5    H2O    CO2    SO3 Cl2O-1  F2O-1
       51.02   1.94  10.77   0.73   0.00  16.56   0.00   1.83   0.00   0.00  11.29   4.45   0.10   0.38   0.94   0.00   0.00   0.00   0.00

olivine          mass = 0.09 (gm)  density = 3.82 (gm/cc)     (analysis in mole %)
                 (Ca0.01Mg0.37Fe''0.63Mn0.00Co0.00Ni0.00)2SiO4
                 G = -1008.90 (J)  H = -759.33 (J)  S = 0.19 (J/K)  V = 0.02 (cc)  Cp = 0.09 (J/K)  
          tephroite      fayalite    co-olivine    ni-olivine  monticellite    forsterite
               0.00         62.60          0.00          0.00          2.44         34.96

clinopyroxene    mass = 0.39 (gm)  density = 3.32 (gm/cc)     (analysis in mole %)
                 cpx Na0.03Ca0.85Fe''0.39Mg0.64Fe'''0.01Ti0.03Al0.13Si1.91O6
                 G = -5847.73 (J)  H = -4730.70 (J)  S = 0.84 (J/K)  V = 0.12 (cc)  Cp = 0.44 (J/K)  
           diopside clinoenstatit  hedenbergite alumino-buffo     buffonite      essenite       jadeite
              37.33         11.73         39.12          7.40         -1.47          2.82          3.07

feldspar         mass = 0.52 (gm)  density = 2.61 (gm/cc)     (analysis in mole %)
                 K0.00Na0.56Ca0.44Al1.44Si2.56O8
                 G = -8861.55 (J)  H = -7236.21 (J)  S = 1.23 (J/K)  V = 0.20 (cc)  Cp = 0.64 (J/K)  
             albite     anorthite      sanidine
              55.66         44.01          0.33

spinel           mass = 0.12 (gm)  density = 4.63 (gm/cc)     (analysis in mole %)
                 Fe''1.72Mg0.19Fe'''0.10Al0.07Cr0.00Ti0.91O4
                 G = -1086.02 (J)  H = -758.14 (J)  S = 0.25 (J/K)  V = 0.03 (cc)  Cp = 0.11 (J/K)  
           chromite     hercynite     magnetite        spinel    ulvospinel
               0.10        -15.46          4.98         19.20         91.19

Total solids     mass = 1.11 (gm)  density = 3.06 (gm/cc)
                 G = -16804.20 (J)  H = -13484.38 (J)  S = 2.51 (J/K)  V = 0.36 (cc)  Cp = 1.28 (J/K)  

Summary of all fractionated phases: (total mass = 77.67 grams)

olivine          mass = 14.91 (gm)  density = 3.32 (gm/cc)	(analysis in mole %)
		    (Ca0.01Mg0.82Fe''0.18Mn0.00Co0.00Ni0.00)2SiO4
		    G = -227913.15 (J)  H = -182749.30 (J)  S = 34.13 (J/K)  V = 4.50 (cc)  Cp = 18.16 (J/K)  
	     tephroite      fayalite    co-olivine    ni-olivine  monticellite    forsterite
	          0.00         18.45          0.00          0.00          1.44         80.11

clinopyroxene    mass = 15.19 (gm)  density = 3.27 (gm/cc)	(analysis in mole %)
		    cpx Na0.02Ca0.85Fe''0.25Mg0.80Fe'''0.01Ti0.03Al0.14Si1.91O6
		    G = -238596.22 (J)  H = -194207.28 (J)  S = 33.55 (J/K)  V = 4.65 (cc)  Cp = 17.67 (J/K)  
	      diopside clinoenstatit  hedenbergite alumino-buffo     buffonite      essenite       jadeite
	         50.89         12.96         24.61          8.30         -2.83          3.73          2.34

feldspar         mass = 46.31 (gm)  density = 2.66 (gm/cc)	(analysis in mole %)
		    K0.00Na0.31Ca0.69Al1.69Si2.31O8
		    G = -789023.76 (J)  H = -647266.84 (J)  S = 107.14 (J/K)  V = 17.40 (cc)  Cp = 56.32 (J/K)  
	        albite     anorthite      sanidine
	         30.73         69.16          0.11

spinel           mass = 1.26 (gm)  density = 4.59 (gm/cc)	(analysis in mole %)
		    Fe''1.59Mg0.27Fe'''0.09Al0.10Cr0.09Ti0.86O4
		    G = -11642.27 (J)  H = -8198.26 (J)  S = 2.60 (J/K)  V = 0.27 (cc)  Cp = 1.17 (J/K)  
	      chromite     hercynite     magnetite        spinel    ulvospinel
	          4.71        -21.76          4.62         26.90         85.52

Viscosity of the System cannot be computed.

System           mass = 99.94 (gm)  density = 2.86 (gm/cc)
                 G = -1598681.36 (J)  H = -1288031.20 (J)  S = 234.78 (J/K)  V = 35.00 (cc)  Cp = 124.94 (J/K)  

Oxygen           delta moles = -0.000324455  delta grams = -0.0103822
                 G = 97.74 (J)  H = -11.08 (J)  S = -0.08 (J/K)  V = -35.69 (cc)  Cp = -0.01 (J/K)  

**********----------**********
Title: dummy

T = 1045.00 (C)  P = 1.000 (kbars)  log(10) f O2 = -13.89  delta HM = -9.28  NNO = -4.33  QFM = -3.72  COH = -1.71  IW = 0.00

Constraint Flags: fO2 path = IW  Fractionate Solids  

Liquid           mass = 20.12 (gm)  density = 2.70 (gm/cc)  viscosity = 2.99 (log 10 poise)     (analysis in wt %)
 		G = -298939.29 (J)  H = -230185.84 (J)  S = 52.16 (J/K)  V = 7.45 (cc)  Cp = 28.84 (J/K)  
        SiO2   TiO2  Al2O3  Fe2O3  Cr2O3    FeO    MnO    MgO    NiO    CoO    CaO   Na2O    K2O   P2O5    H2O    CO2    SO3 Cl2O-1  F2O-1
       51.24   1.83  10.61   0.74   0.00  16.64   0.00   1.65   0.00   0.00  11.28   4.52   0.10   0.40   0.99   0.00   0.00   0.00   0.00

olivine          mass = 0.09 (gm)  density = 3.85 (gm/cc)     (analysis in mole %)
                 (Ca0.01Mg0.35Fe''0.65Mn0.00Co0.00Ni0.00)2SiO4
                 G = -1023.31 (J)  H = -768.37 (J)  S = 0.19 (J/K)  V = 0.02 (cc)  Cp = 0.10 (J/K)  
          tephroite      fayalite    co-olivine    ni-olivine  monticellite    forsterite
               0.00         65.10          0.00          0.00          2.52         32.37

clinopyroxene    mass = 0.35 (gm)  density = 3.33 (gm/cc)     (analysis in mole %)
                 cpx Na0.03Ca0.85Fe''0.41Mg0.62Fe'''0.01Ti0.03Al0.13Si1.91O6
                 G = -5273.63 (J)  H = -4268.12 (J)  S = 0.76 (J/K)  V = 0.10 (cc)  Cp = 0.40 (J/K)  
           diopside clinoenstatit  hedenbergite alumino-buffo     buffonite      essenite       jadeite
              35.80         11.52         40.98          7.19         -1.37          2.77          3.12

feldspar         mass = 0.49 (gm)  density = 2.61 (gm/cc)     (analysis in mole %)
                 K0.00Na0.57Ca0.43Al1.43Si2.57O8
                 G = -8291.61 (J)  H = -6777.45 (J)  S = 1.15 (J/K)  V = 0.19 (cc)  Cp = 0.59 (J/K)  
             albite     anorthite      sanidine
              56.52         43.13          0.35

spinel           mass = 0.11 (gm)  density = 4.64 (gm/cc)     (analysis in mole %)
                 Fe''1.73Mg0.18Fe'''0.10Al0.07Cr0.00Ti0.91O4
                 G = -1020.89 (J)  H = -712.86 (J)  S = 0.23 (J/K)  V = 0.02 (cc)  Cp = 0.10 (J/K)  
           chromite     hercynite     magnetite        spinel    ulvospinel
               0.00        -14.19          5.10         17.80         91.29

Total solids     mass = 1.04 (gm)  density = 3.07 (gm/cc)
                 G = -15609.44 (J)  H = -12526.80 (J)  S = 2.34 (J/K)  V = 0.34 (cc)  Cp = 1.19 (J/K)  

Summary of all fractionated phases: (total mass = 78.77 grams)

olivine          mass = 15.00 (gm)  density = 3.32 (gm/cc)	(analysis in mole %)
		    (Ca0.01Mg0.81Fe''0.19Mn0.00Co0.00Ni0.00)2SiO4
		    G = -228733.02 (J)  H = -183582.36 (J)  S = 34.25 (J/K)  V = 4.52 (cc)  Cp = 18.24 (J/K)  
	     tephroite      fayalite    co-olivine    ni-olivine  monticellite    forsterite
	          0.00         18.67          0.00          0.00          1.44         79.89

clinopyroxene    mass = 15.57 (gm)  density = 3.27 (gm/cc)	(analysis in mole %)
		    cpx Na0.02Ca0.85Fe''0.25Mg0.79Fe'''0.01Ti0.03Al0.14Si1.91O6
		    G = -244238.53 (J)  H = -199000.51 (J)  S = 34.32 (J/K)  V = 4.76 (cc)  Cp = 18.10 (J/K)  
	      diopside clinoenstatit  hedenbergite alumino-buffo     buffonite      essenite       jadeite
	         50.56         12.93         24.96          8.28         -2.80          3.70          2.36

feldspar         mass = 46.83 (gm)  density = 2.66 (gm/cc)	(analysis in mole %)
		    K0.00Na0.31Ca0.69Al1.69Si2.31O8
		    G = -797300.21 (J)  H = -654749.48 (J)  S = 108.14 (J/K)  V = 17.59 (cc)  Cp = 56.92 (J/K)  
	        albite     anorthite      sanidine
	         31.01         68.87          0.11

spinel           mass = 1.37 (gm)  density = 4.59 (gm/cc)	(analysis in mole %)
		    Fe''1.60Mg0.26Fe'''0.09Al0.10Cr0.09Ti0.86O4
		    G = -12695.12 (J)  H = -8949.11 (J)  S = 2.84 (J/K)  V = 0.30 (cc)  Cp = 1.28 (J/K)  
	      chromite     hercynite     magnetite        spinel    ulvospinel
	          4.32        -21.23          4.66         26.25         86.00

Viscosity of the System cannot be computed.

System           mass = 99.94 (gm)  density = 2.86 (gm/cc)
                 G = -1597515.60 (J)  H = -1288994.09 (J)  S = 234.06 (J/K)  V = 34.97 (cc)  Cp = 124.57 (J/K)  

Oxygen           delta moles = -0.000324605  delta grams = -0.010387
                 G = 97.37 (J)  H = -11.03 (J)  S = -0.08 (J/K)  V = -35.58 (cc)  Cp = -0.01 (J/K)  

**********----------**********
Title: dummy

T = 1040.00 (C)  P = 1.000 (kbars)  log(10) f O2 = -13.96  delta HM = -9.28  NNO = -4.34  QFM = -3.72  COH = -1.73  IW = 0.00

Constraint Flags: fO2 path = IW  Fractionate Solids  

Liquid           mass = 19.17 (gm)  density = 2.69 (gm/cc)  viscosity = 3.02 (log 10 poise)     (analysis in wt %)
 		G = -284479.06 (J)  H = -219242.01 (J)  S = 49.68 (J/K)  V = 7.11 (cc)  Cp = 27.45 (J/K)  
        SiO2   TiO2  Al2O3  Fe2O3  Cr2O3    FeO    MnO    MgO    NiO    CoO    CaO   Na2O    K2O   P2O5    H2O    CO2    SO3 Cl2O-1  F2O-1
       51.46   1.73  10.45   0.74   0.00  16.69   0.00   1.48   0.00   0.00  11.30   4.58   0.10   0.42   1.04   0.00   0.00   0.00   0.00

olivine          mass = 0.10 (gm)  density = 3.88 (gm/cc)     (analysis in mole %)
                 (Ca0.01Mg0.32Fe''0.68Mn0.00Co0.00Ni0.00)2SiO4
                 G = -1057.26 (J)  H = -792.11 (J)  S = 0.20 (J/K)  V = 0.02 (cc)  Cp = 0.10 (J/K)  
          tephroite      fayalite    co-olivine    ni-olivine  monticellite    forsterite
               0.00         67.52          0.00          0.00          2.61         29.87

clinopyroxene    mass = 0.31 (gm)  density = 3.34 (gm/cc)     (analysis in mole %)
                 cpx Na0.03Ca0.86Fe''0.43Mg0.60Fe'''0.01Ti0.03Al0.13Si1.92O6
                 G = -4663.39 (J)  H = -3775.77 (J)  S = 0.68 (J/K)  V = 0.09 (cc)  Cp = 0.35 (J/K)  
           diopside clinoenstatit  hedenbergite alumino-buffo     buffonite      essenite       jadeite
              34.17         11.29         42.92          6.99         -1.27          2.72          3.17

feldspar         mass = 0.45 (gm)  density = 2.61 (gm/cc)     (analysis in mole %)
                 K0.00Na0.57Ca0.42Al1.42Si2.58O8
                 G = -7695.93 (J)  H = -6296.75 (J)  S = 1.07 (J/K)  V = 0.17 (cc)  Cp = 0.55 (J/K)  
             albite     anorthite      sanidine
              57.34         42.29          0.36

spinel           mass = 0.10 (gm)  density = 4.65 (gm/cc)     (analysis in mole %)
                 Fe''1.75Mg0.16Fe'''0.10Al0.07Cr0.00Ti0.91O4
                 G = -903.33 (J)  H = -630.96 (J)  S = 0.21 (J/K)  V = 0.02 (cc)  Cp = 0.09 (J/K)  
           chromite     hercynite     magnetite        spinel    ulvospinel
               0.00        -12.99          5.23         16.47         91.29

Total solids     mass = 0.96 (gm)  density = 3.07 (gm/cc)
                 G = -14319.91 (J)  H = -11495.59 (J)  S = 2.15 (J/K)  V = 0.31 (cc)  Cp = 1.10 (J/K)  

Summary of all fractionated phases: (total mass = 79.81 grams)

olivine          mass = 15.09 (gm)  density = 3.32 (gm/cc)	(analysis in mole %)
		    (Ca0.01Mg0.81Fe''0.19Mn0.00Co0.00Ni0.00)2SiO4
		    G = -229567.18 (J)  H = -184424.78 (J)  S = 34.38 (J/K)  V = 4.54 (cc)  Cp = 18.32 (J/K)  
	     tephroite      fayalite    co-olivine    ni-olivine  monticellite    forsterite
	          0.00         18.90          0.00          0.00          1.45         79.65

clinopyroxene    mass = 15.92 (gm)  density = 3.27 (gm/cc)	(analysis in mole %)
		    cpx Na0.02Ca0.85Fe''0.25Mg0.79Fe'''0.01Ti0.03Al0.14Si1.91O6
		    G = -249303.43 (J)  H = -203333.14 (J)  S = 35.01 (J/K)  V = 4.87 (cc)  Cp = 18.49 (J/K)  
	      diopside clinoenstatit  hedenbergite alumino-buffo     buffonite      essenite       jadeite
	         50.25         12.90         25.30          8.25         -2.76          3.68          2.38

feldspar         mass = 47.31 (gm)  density = 2.66 (gm/cc)	(analysis in mole %)
		    K0.00Na0.31Ca0.69Al1.69Si2.31O8
		    G = -805002.09 (J)  H = -661776.18 (J)  S = 109.07 (J/K)  V = 17.78 (cc)  Cp = 57.48 (J/K)  
	        albite     anorthite      sanidine
	         31.28         68.61          0.12

spinel           mass = 1.49 (gm)  density = 4.60 (gm/cc)	(analysis in mole %)
		    Fe''1.61Mg0.26Fe'''0.09Al0.10Cr0.08Ti0.86O4
		    G = -13681.79 (J)  H = -9655.25 (J)  S = 3.07 (J/K)  V = 0.32 (cc)  Cp = 1.38 (J/K)  
	      chromite     hercynite     magnetite        spinel    ulvospinel
	          4.00        -20.70          4.69         25.62         86.39

Viscosity of the System cannot be computed.

System           mass = 99.94 (gm)  density = 2.86 (gm/cc)
                 G = -1596353.47 (J)  H = -1289926.95 (J)  S = 233.35 (J/K)  V = 34.93 (cc)  Cp = 124.22 (J/K)  

Oxygen           delta moles = -0.000325264  delta grams = -0.010408
                 G = 97.16 (J)  H = -10.99 (J)  S = -0.08 (J/K)  V = -35.51 (cc)  Cp = -0.01 (J/K)  

**********----------**********
Title: dummy

T = 1035.00 (C)  P = 1.000 (kbars)  log(10) f O2 = -14.04  delta HM = -9.29  NNO = -4.35  QFM = -3.73  COH = -1.74  IW = 0.00

Constraint Flags: fO2 path = IW  Fractionate Solids  

Liquid           mass = 18.30 (gm)  density = 2.69 (gm/cc)  viscosity = 3.05 (log 10 poise)     (analysis in wt %)
 		G = -271259.22 (J)  H = -209245.64 (J)  S = 47.41 (J/K)  V = 6.80 (cc)  Cp = 26.19 (J/K)  
        SiO2   TiO2  Al2O3  Fe2O3  Cr2O3    FeO    MnO    MgO    NiO    CoO    CaO   Na2O    K2O   P2O5    H2O    CO2    SO3 Cl2O-1  F2O-1
       51.68   1.64  10.29   0.75   0.00  16.72   0.00   1.32   0.00   0.00  11.32   4.64   0.11   0.44   1.09   0.00   0.00   0.00   0.00

olivine          mass = 0.10 (gm)  density = 3.91 (gm/cc)     (analysis in mole %)
                 (Ca0.01Mg0.30Fe''0.70Mn0.00Co0.00Ni0.00)2SiO4
                 G = -1082.53 (J)  H = -809.39 (J)  S = 0.21 (J/K)  V = 0.03 (cc)  Cp = 0.10 (J/K)  
          tephroite      fayalite    co-olivine    ni-olivine  monticellite    forsterite
               0.00         69.83          0.00          0.00          2.69         27.49

clinopyroxene    mass = 0.27 (gm)  density = 3.35 (gm/cc)     (analysis in mole %)
                 cpx Na0.03Ca0.86Fe''0.45Mg0.57Fe'''0.02Ti0.03Al0.13Si1.92O6
                 G = -4103.81 (J)  H = -3323.95 (J)  S = 0.60 (J/K)  V = 0.08 (cc)  Cp = 0.31 (J/K)  
           diopside clinoenstatit  hedenbergite alumino-buffo     buffonite      essenite       jadeite
              32.43         11.07         44.95          6.81         -1.16          2.67          3.22

feldspar         mass = 0.42 (gm)  density = 2.61 (gm/cc)     (analysis in mole %)
                 K0.00Na0.58Ca0.41Al1.41Si2.59O8
                 G = -7126.62 (J)  H = -5836.74 (J)  S = 0.99 (J/K)  V = 0.16 (cc)  Cp = 0.51 (J/K)  
             albite     anorthite      sanidine
              58.13         41.49          0.38

spinel           mass = 0.09 (gm)  density = 4.66 (gm/cc)     (analysis in mole %)
                 Fe''1.76Mg0.15Fe'''0.11Al0.07Cr0.00Ti0.91O4
                 G = -778.07 (J)  H = -543.69 (J)  S = 0.18 (J/K)  V = 0.02 (cc)  Cp = 0.08 (J/K)  
           chromite     hercynite     magnetite        spinel    ulvospinel
               0.00        -11.86          5.34         15.24         91.28

Total solids     mass = 0.88 (gm)  density = 3.07 (gm/cc)
                 G = -13091.02 (J)  H = -10513.76 (J)  S = 1.97 (J/K)  V = 0.29 (cc)  Cp = 1.01 (J/K)  

Summary of all fractionated phases: (total mass = 80.76 grams)

olivine          mass = 15.18 (gm)  density = 3.33 (gm/cc)	(analysis in mole %)
		    (Ca0.01Mg0.81Fe''0.19Mn0.00Co0.00Ni0.00)2SiO4
		    G = -230435.19 (J)  H = -185291.22 (J)  S = 34.51 (J/K)  V = 4.56 (cc)  Cp = 18.41 (J/K)  
	     tephroite      fayalite    co-olivine    ni-olivine  monticellite    forsterite
	          0.00         19.15          0.00          0.00          1.46         79.40

clinopyroxene    mass = 16.23 (gm)  density = 3.27 (gm/cc)	(analysis in mole %)
		    cpx Na0.02Ca0.85Fe''0.26Mg0.78Fe'''0.01Ti0.03Al0.14Si1.91O6
		    G = -253755.23 (J)  H = -207175.17 (J)  S = 35.61 (J/K)  V = 4.96 (cc)  Cp = 18.83 (J/K)  
	      diopside clinoenstatit  hedenbergite alumino-buffo     buffonite      essenite       jadeite
	         49.95         12.87         25.63          8.23         -2.74          3.67          2.39

feldspar         mass = 47.76 (gm)  density = 2.66 (gm/cc)	(analysis in mole %)
		    K0.00Na0.32Ca0.68Al1.68Si2.32O8
		    G = -812104.08 (J)  H = -668324.82 (J)  S = 109.91 (J/K)  V = 17.95 (cc)  Cp = 57.99 (J/K)  
	        albite     anorthite      sanidine
	         31.53         68.36          0.12

spinel           mass = 1.58 (gm)  density = 4.60 (gm/cc)	(analysis in mole %)
		    Fe''1.62Mg0.25Fe'''0.09Al0.10Cr0.08Ti0.87O4
		    G = -14549.92 (J)  H = -10280.00 (J)  S = 3.26 (J/K)  V = 0.34 (cc)  Cp = 1.47 (J/K)  
	      chromite     hercynite     magnetite        spinel    ulvospinel
	          3.75        -20.23          4.72         25.06         86.70

Viscosity of the System cannot be computed.

System           mass = 99.94 (gm)  density = 2.86 (gm/cc)
                 G = -1595194.67 (J)  H = -1290830.60 (J)  S = 232.67 (J/K)  V = 34.90 (cc)  Cp = 123.90 (J/K)  

Oxygen           delta moles = -0.000326619  delta grams = -0.0104514
                 G = 97.15 (J)  H = -10.98 (J)  S = -0.08 (J/K)  V = -35.52 (cc)  Cp = -0.01 (J/K)  

**********----------**********
Title: dummy

T = 1030.00 (C)  P = 1.000 (kbars)  log(10) f O2 = -14.12  delta HM = -9.30  NNO = -4.35  QFM = -3.74  COH = -1.75  IW = 0.00

Constraint Flags: fO2 path = IW  Fractionate Solids  

Liquid           mass = 17.49 (gm)  density = 2.68 (gm/cc)  viscosity = 3.08 (log 10 poise)     (analysis in wt %)
 		G = -259129.83 (J)  H = -200081.56 (J)  S = 45.31 (J/K)  V = 6.52 (cc)  Cp = 25.03 (J/K)  
        SiO2   TiO2  Al2O3  Fe2O3  Cr2O3    FeO    MnO    MgO    NiO    CoO    CaO   Na2O    K2O   P2O5    H2O    CO2    SO3 Cl2O-1  F2O-1
       51.90   1.56  10.12   0.76   0.00  16.73   0.00   1.17   0.00   0.00  11.36   4.70   0.11   0.46   1.14   0.00   0.00   0.00   0.00

olivine          mass = 0.10 (gm)  density = 3.93 (gm/cc)     (analysis in mole %)
                 (Ca0.01Mg0.28Fe''0.72Mn0.00Co0.00Ni0.00)2SiO4
                 G = -1083.70 (J)  H = -808.76 (J)  S = 0.21 (J/K)  V = 0.03 (cc)  Cp = 0.10 (J/K)  
          tephroite      fayalite    co-olivine    ni-olivine  monticellite    forsterite
               0.00         72.02          0.00          0.00          2.76         25.22

clinopyroxene    mass = 0.25 (gm)  density = 3.35 (gm/cc)     (analysis in mole %)
                 cpx Na0.03Ca0.86Fe''0.47Mg0.55Fe'''0.02Ti0.03Al0.13Si1.92O6
                 G = -3638.71 (J)  H = -2948.26 (J)  S = 0.53 (J/K)  V = 0.07 (cc)  Cp = 0.28 (J/K)  
           diopside clinoenstatit  hedenbergite alumino-buffo     buffonite      essenite       jadeite
              30.58         10.84         47.08          6.65         -1.04          2.62          3.28

feldspar         mass = 0.39 (gm)  density = 2.61 (gm/cc)     (analysis in mole %)
                 K0.00Na0.59Ca0.41Al1.41Si2.59O8
                 G = -6614.07 (J)  H = -5422.36 (J)  S = 0.91 (J/K)  V = 0.15 (cc)  Cp = 0.48 (J/K)  
             albite     anorthite      sanidine
              58.89         40.71          0.40

spinel           mass = 0.08 (gm)  density = 4.67 (gm/cc)     (analysis in mole %)
                 Fe''1.77Mg0.14Fe'''0.11Al0.07Cr0.00Ti0.91O4
                 G = -674.68 (J)  H = -471.68 (J)  S = 0.16 (J/K)  V = 0.02 (cc)  Cp = 0.07 (J/K)  
           chromite     hercynite     magnetite        spinel    ulvospinel
               0.00        -10.81          5.45         14.07         91.29

Total solids     mass = 0.81 (gm)  density = 3.07 (gm/cc)
                 G = -12011.17 (J)  H = -9651.07 (J)  S = 1.81 (J/K)  V = 0.26 (cc)  Cp = 0.92 (J/K)  

Summary of all fractionated phases: (total mass = 81.63 grams)

olivine          mass = 15.28 (gm)  density = 3.33 (gm/cc)	(analysis in mole %)
		    (Ca0.01Mg0.81Fe''0.19Mn0.00Co0.00Ni0.00)2SiO4
		    G = -231328.32 (J)  H = -186175.23 (J)  S = 34.65 (J/K)  V = 4.59 (cc)  Cp = 18.50 (J/K)  
	     tephroite      fayalite    co-olivine    ni-olivine  monticellite    forsterite
	          0.00         19.41          0.00          0.00          1.46         79.12

clinopyroxene    mass = 16.50 (gm)  density = 3.27 (gm/cc)	(analysis in mole %)
		    cpx Na0.02Ca0.85Fe''0.26Mg0.78Fe'''0.01Ti0.03Al0.14Si1.91O6
		    G = -257644.98 (J)  H = -210566.93 (J)  S = 36.13 (J/K)  V = 5.04 (cc)  Cp = 19.13 (J/K)  
	      diopside clinoenstatit  hedenbergite alumino-buffo     buffonite      essenite       jadeite
	         49.67         12.84         25.94          8.21         -2.71          3.65          2.41

feldspar         mass = 48.18 (gm)  density = 2.66 (gm/cc)	(analysis in mole %)
		    K0.00Na0.32Ca0.68Al1.68Si2.32O8
		    G = -818632.95 (J)  H = -674415.86 (J)  S = 110.67 (J/K)  V = 18.10 (cc)  Cp = 58.47 (J/K)  
	        albite     anorthite      sanidine
	         31.76         68.12          0.12

spinel           mass = 1.67 (gm)  density = 4.60 (gm/cc)	(analysis in mole %)
		    Fe''1.62Mg0.25Fe'''0.10Al0.10Cr0.07Ti0.87O4
		    G = -15291.94 (J)  H = -10817.91 (J)  S = 3.43 (J/K)  V = 0.36 (cc)  Cp = 1.55 (J/K)  
	      chromite     hercynite     magnetite        spinel    ulvospinel
	          3.56        -19.81          4.75         24.56         86.93

Viscosity of the System cannot be computed.

System           mass = 99.94 (gm)  density = 2.87 (gm/cc)
                 G = -1594039.19 (J)  H = -1291708.56 (J)  S = 232.00 (J/K)  V = 34.87 (cc)  Cp = 123.60 (J/K)  

Oxygen           delta moles = -0.000328521  delta grams = -0.0105123
                 G = 97.30 (J)  H = -10.99 (J)  S = -0.08 (J/K)  V = -35.59 (cc)  Cp = -0.01 (J/K)  

**********----------**********
Title: dummy

T = 1025.00 (C)  P = 1.000 (kbars)  log(10) f O2 = -14.20  delta HM = -9.31  NNO = -4.36  QFM = -3.75  COH = -1.77  IW = 0.00

Constraint Flags: fO2 path = IW  Fractionate Solids  

Liquid           mass = 16.75 (gm)  density = 2.68 (gm/cc)  viscosity = 3.11 (log 10 poise)     (analysis in wt %)
 		G = -247966.29 (J)  H = -191654.05 (J)  S = 43.38 (J/K)  V = 6.25 (cc)  Cp = 23.96 (J/K)  
        SiO2   TiO2  Al2O3  Fe2O3  Cr2O3    FeO    MnO    MgO    NiO    CoO    CaO   Na2O    K2O   P2O5    H2O    CO2    SO3 Cl2O-1  F2O-1
       52.11   1.49   9.96   0.76   0.00  16.71   0.00   1.03   0.00   0.00  11.41   4.75   0.11   0.48   1.19   0.00   0.00   0.00   0.00

olivine          mass = 0.10 (gm)  density = 3.96 (gm/cc)     (analysis in mole %)
                 (Ca0.01Mg0.26Fe''0.74Mn0.00Co0.00Ni0.00)2SiO4
                 G = -1067.06 (J)  H = -795.01 (J)  S = 0.21 (J/K)  V = 0.03 (cc)  Cp = 0.10 (J/K)  
          tephroite      fayalite    co-olivine    ni-olivine  monticellite    forsterite
               0.00         74.10          0.00          0.00          2.84         23.06

clinopyroxene    mass = 0.22 (gm)  density = 3.36 (gm/cc)     (analysis in mole %)
                 cpx Na0.03Ca0.86Fe''0.49Mg0.53Fe'''0.02Ti0.03Al0.12Si1.92O6
                 G = -3249.30 (J)  H = -2633.57 (J)  S = 0.47 (J/K)  V = 0.07 (cc)  Cp = 0.25 (J/K)  
           diopside clinoenstatit  hedenbergite alumino-buffo     buffonite      essenite       jadeite
              28.61         10.61         49.30          6.50         -0.91          2.57          3.33

feldspar         mass = 0.36 (gm)  density = 2.61 (gm/cc)     (analysis in mole %)
                 K0.00Na0.60Ca0.40Al1.40Si2.60O8
                 G = -6150.08 (J)  H = -5047.03 (J)  S = 0.85 (J/K)  V = 0.14 (cc)  Cp = 0.44 (J/K)  
             albite     anorthite      sanidine
              59.63         39.96          0.41

spinel           mass = 0.07 (gm)  density = 4.68 (gm/cc)     (analysis in mole %)
                 Fe''1.78Mg0.13Fe'''0.11Al0.06Cr0.00Ti0.91O4
                 G = -588.65 (J)  H = -411.78 (J)  S = 0.14 (J/K)  V = 0.01 (cc)  Cp = 0.06 (J/K)  
           chromite     hercynite     magnetite        spinel    ulvospinel
               0.00         -9.82          5.55         12.98         91.29

Total solids     mass = 0.75 (gm)  density = 3.07 (gm/cc)
                 G = -11055.09 (J)  H = -8887.38 (J)  S = 1.67 (J/K)  V = 0.24 (cc)  Cp = 0.85 (J/K)  

Summary of all fractionated phases: (total mass = 82.43 grams)

olivine          mass = 15.38 (gm)  density = 3.33 (gm/cc)	(analysis in mole %)
		    (Ca0.01Mg0.80Fe''0.20Mn0.00Co0.00Ni0.00)2SiO4
		    G = -232222.36 (J)  H = -187058.97 (J)  S = 34.79 (J/K)  V = 4.61 (cc)  Cp = 18.59 (J/K)  
	     tephroite      fayalite    co-olivine    ni-olivine  monticellite    forsterite
	          0.00         19.69          0.00          0.00          1.47         78.84

clinopyroxene    mass = 16.74 (gm)  density = 3.28 (gm/cc)	(analysis in mole %)
		    cpx Na0.02Ca0.85Fe''0.26Mg0.78Fe'''0.01Ti0.03Al0.14Si1.91O6
		    G = -261067.51 (J)  H = -213584.38 (J)  S = 36.58 (J/K)  V = 5.11 (cc)  Cp = 19.39 (J/K)  
	      diopside clinoenstatit  hedenbergite alumino-buffo     buffonite      essenite       jadeite
	         49.40         12.81         26.23          8.19         -2.69          3.64          2.42

feldspar         mass = 48.56 (gm)  density = 2.66 (gm/cc)	(analysis in mole %)
		    K0.00Na0.32Ca0.68Al1.68Si2.32O8
		    G = -824645.83 (J)  H = -680094.76 (J)  S = 111.35 (J/K)  V = 18.25 (cc)  Cp = 58.91 (J/K)  
	        albite     anorthite      sanidine
	         31.98         67.90          0.12

spinel           mass = 1.75 (gm)  density = 4.61 (gm/cc)	(analysis in mole %)
		    Fe''1.63Mg0.24Fe'''0.10Al0.09Cr0.07Ti0.87O4
		    G = -15929.86 (J)  H = -11284.20 (J)  S = 3.58 (J/K)  V = 0.38 (cc)  Cp = 1.62 (J/K)  
	      chromite     hercynite     magnetite        spinel    ulvospinel
	          3.41        -19.43          4.78         24.12         87.11

Viscosity of the System cannot be computed.

System           mass = 99.94 (gm)  density = 2.87 (gm/cc)
                 G = -1592886.94 (J)  H = -1292563.74 (J)  S = 231.35 (J/K)  V = 34.85 (cc)  Cp = 123.33 (J/K)  

Oxygen           delta moles = -0.000330839  delta grams = -0.0105865
                 G = 97.57 (J)  H = -11.00 (J)  S = -0.08 (J/K)  V = -35.71 (cc)  Cp = -0.01 (J/K)  

**********----------**********
Title: dummy

T = 1020.00 (C)  P = 1.000 (kbars)  log(10) f O2 = -14.28  delta HM = -9.32  NNO = -4.36  QFM = -3.75  COH = -1.78  IW = 0.00

Constraint Flags: fO2 path = IW  Fractionate Solids  

Liquid           mass = 16.07 (gm)  density = 2.67 (gm/cc)  viscosity = 3.14 (log 10 poise)     (analysis in wt %)
 		G = -237663.09 (J)  H = -183882.02 (J)  S = 41.59 (J/K)  V = 6.01 (cc)  Cp = 22.97 (J/K)  
        SiO2   TiO2  Al2O3  Fe2O3  Cr2O3    FeO    MnO    MgO    NiO    CoO    CaO   Na2O    K2O   P2O5    H2O    CO2    SO3 Cl2O-1  F2O-1
       52.32   1.42   9.80   0.77   0.00  16.67   0.00   0.90   0.00   0.00  11.46   4.80   0.12   0.50   1.24   0.00   0.00   0.00   0.00

olivine          mass = 0.10 (gm)  density = 3.98 (gm/cc)     (analysis in mole %)
                 (Ca0.01Mg0.24Fe''0.76Mn0.00Co0.00Ni0.00)2SiO4
                 G = -1037.59 (J)  H = -771.89 (J)  S = 0.21 (J/K)  V = 0.02 (cc)  Cp = 0.10 (J/K)  
          tephroite      fayalite    co-olivine    ni-olivine  monticellite    forsterite
               0.00         76.08          0.00          0.00          2.91         21.01

clinopyroxene    mass = 0.20 (gm)  density = 3.37 (gm/cc)     (analysis in mole %)
                 cpx Na0.03Ca0.86Fe''0.52Mg0.50Fe'''0.02Ti0.03Al0.12Si1.92O6
                 G = -2921.27 (J)  H = -2368.36 (J)  S = 0.43 (J/K)  V = 0.06 (cc)  Cp = 0.22 (J/K)  
           diopside clinoenstatit  hedenbergite alumino-buffo     buffonite      essenite       jadeite
              26.51         10.40         51.62          6.36         -0.78          2.51          3.39

feldspar         mass = 0.34 (gm)  density = 2.61 (gm/cc)     (analysis in mole %)
                 K0.00Na0.60Ca0.39Al1.39Si2.61O8
                 G = -5728.42 (J)  H = -4705.73 (J)  S = 0.79 (J/K)  V = 0.13 (cc)  Cp = 0.41 (J/K)  
             albite     anorthite      sanidine
              60.33         39.24          0.43

spinel           mass = 0.06 (gm)  density = 4.69 (gm/cc)     (analysis in mole %)
                 Fe''1.79Mg0.12Fe'''0.11Al0.06Cr0.00Ti0.91O4
                 G = -516.55 (J)  H = -361.58 (J)  S = 0.12 (J/K)  V = 0.01 (cc)  Cp = 0.05 (J/K)  
           chromite     hercynite     magnetite        spinel    ulvospinel
               0.00         -8.90          5.65         11.95         91.30

Total solids     mass = 0.70 (gm)  density = 3.07 (gm/cc)
                 G = -10203.82 (J)  H = -8207.56 (J)  S = 1.54 (J/K)  V = 0.23 (cc)  Cp = 0.79 (J/K)  

Summary of all fractionated phases: (total mass = 83.18 grams)

olivine          mass = 15.48 (gm)  density = 3.34 (gm/cc)	(analysis in mole %)
		    (Ca0.01Mg0.80Fe''0.20Mn0.00Co0.00Ni0.00)2SiO4
		    G = -233099.39 (J)  H = -187929.35 (J)  S = 34.93 (J/K)  V = 4.64 (cc)  Cp = 18.68 (J/K)  
	     tephroite      fayalite    co-olivine    ni-olivine  monticellite    forsterite
	          0.00         19.98          0.00          0.00          1.48         78.55

clinopyroxene    mass = 16.96 (gm)  density = 3.28 (gm/cc)	(analysis in mole %)
		    cpx Na0.02Ca0.85Fe''0.27Mg0.77Fe'''0.01Ti0.03Al0.14Si1.91O6
		    G = -264098.80 (J)  H = -216288.37 (J)  S = 36.97 (J/K)  V = 5.17 (cc)  Cp = 19.63 (J/K)  
	      diopside clinoenstatit  hedenbergite alumino-buffo     buffonite      essenite       jadeite
	         49.14         12.78         26.52          8.16         -2.67          3.62          2.43

feldspar         mass = 48.92 (gm)  density = 2.66 (gm/cc)	(analysis in mole %)
		    K0.00Na0.32Ca0.68Al1.68Si2.32O8
		    G = -830191.62 (J)  H = -685400.39 (J)  S = 111.97 (J/K)  V = 18.39 (cc)  Cp = 59.31 (J/K)  
	        albite     anorthite      sanidine
	         32.19         67.69          0.13

spinel           mass = 1.81 (gm)  density = 4.61 (gm/cc)	(analysis in mole %)
		    Fe''1.64Mg0.24Fe'''0.10Al0.09Cr0.07Ti0.87O4
		    G = -16481.16 (J)  H = -11690.92 (J)  S = 3.70 (J/K)  V = 0.39 (cc)  Cp = 1.68 (J/K)  
	      chromite     hercynite     magnetite        spinel    ulvospinel
	          3.29        -19.09          4.81         23.73         87.26

Viscosity of the System cannot be computed.

System           mass = 99.94 (gm)  density = 2.87 (gm/cc)
                 G = -1591737.88 (J)  H = -1293398.61 (J)  S = 230.71 (J/K)  V = 34.82 (cc)  Cp = 123.06 (J/K)  

Oxygen           delta moles = -0.000333469  delta grams = -0.0106706
                 G = 97.92 (J)  H = -11.03 (J)  S = -0.08 (J/K)  V = -35.85 (cc)  Cp = -0.01 (J/K)  

**********----------**********
Title: dummy

T = 1015.00 (C)  P = 1.000 (kbars)  log(10) f O2 = -14.36  delta HM = -9.33  NNO = -4.37  QFM = -3.76  COH = -1.80  IW = 0.00

Constraint Flags: fO2 path = IW  Fractionate Solids  

Liquid           mass = 15.43 (gm)  density = 2.67 (gm/cc)  viscosity = 3.17 (log 10 poise)     (analysis in wt %)
 		G = -228128.94 (J)  H = -176695.36 (J)  S = 39.93 (J/K)  V = 5.78 (cc)  Cp = 22.06 (J/K)  
        SiO2   TiO2  Al2O3  Fe2O3  Cr2O3    FeO    MnO    MgO    NiO    CoO    CaO   Na2O    K2O   P2O5    H2O    CO2    SO3 Cl2O-1  F2O-1
       52.52   1.36   9.63   0.77   0.00  16.61   0.00   0.78   0.00   0.00  11.52   4.85   0.12   0.52   1.29   0.00   0.00   0.00   0.00

olivine          mass = 0.10 (gm)  density = 4.00 (gm/cc)     (analysis in mole %)
                 (Ca0.01Mg0.22Fe''0.78Mn0.00Co0.00Ni0.00)2SiO4
                 G = -999.24 (J)  H = -742.39 (J)  S = 0.20 (J/K)  V = 0.02 (cc)  Cp = 0.10 (J/K)  
          tephroite      fayalite    co-olivine    ni-olivine  monticellite    forsterite
               0.00         77.95          0.00          0.00          2.98         19.07

clinopyroxene    mass = 0.18 (gm)  density = 3.38 (gm/cc)     (analysis in mole %)
                 cpx Na0.03Ca0.86Fe''0.54Mg0.47Fe'''0.02Ti0.03Al0.12Si1.92O6
                 G = -2643.65 (J)  H = -2143.81 (J)  S = 0.39 (J/K)  V = 0.05 (cc)  Cp = 0.20 (J/K)  
           diopside clinoenstatit  hedenbergite alumino-buffo     buffonite      essenite       jadeite
              24.28         10.19         54.05          6.23         -0.65          2.45          3.45

feldspar         mass = 0.32 (gm)  density = 2.61 (gm/cc)     (analysis in mole %)
                 K0.00Na0.61Ca0.39Al1.39Si2.61O8
                 G = -5344.54 (J)  H = -4394.84 (J)  S = 0.74 (J/K)  V = 0.12 (cc)  Cp = 0.39 (J/K)  
             albite     anorthite      sanidine
              61.01         38.54          0.45

spinel           mass = 0.05 (gm)  density = 4.70 (gm/cc)     (analysis in mole %)
                 Fe''1.80Mg0.11Fe'''0.11Al0.06Cr0.00Ti0.91O4
                 G = -455.74 (J)  H = -319.25 (J)  S = 0.11 (J/K)  V = 0.01 (cc)  Cp = 0.05 (J/K)  
           chromite     hercynite     magnetite        spinel    ulvospinel
               0.00         -8.02          5.74         10.97         91.31

Total solids     mass = 0.65 (gm)  density = 3.08 (gm/cc)
                 G = -9443.18 (J)  H = -7600.29 (J)  S = 1.43 (J/K)  V = 0.21 (cc)  Cp = 0.74 (J/K)  

Summary of all fractionated phases: (total mass = 83.86 grams)

olivine          mass = 15.58 (gm)  density = 3.34 (gm/cc)	(analysis in mole %)
		    (Ca0.01Mg0.80Fe''0.20Mn0.00Co0.00Ni0.00)2SiO4
		    G = -233946.55 (J)  H = -188777.06 (J)  S = 35.07 (J/K)  V = 4.66 (cc)  Cp = 18.77 (J/K)  
	     tephroite      fayalite    co-olivine    ni-olivine  monticellite    forsterite
	          0.00         20.26          0.00          0.00          1.48         78.25

clinopyroxene    mass = 17.16 (gm)  density = 3.28 (gm/cc)	(analysis in mole %)
		    cpx Na0.02Ca0.85Fe''0.27Mg0.77Fe'''0.01Ti0.03Al0.14Si1.91O6
		    G = -266800.46 (J)  H = -218728.25 (J)  S = 37.32 (J/K)  V = 5.23 (cc)  Cp = 19.84 (J/K)  
	      diopside clinoenstatit  hedenbergite alumino-buffo     buffonite      essenite       jadeite
	         48.89         12.76         26.80          8.14         -2.65          3.61          2.44

feldspar         mass = 49.26 (gm)  density = 2.66 (gm/cc)	(analysis in mole %)
		    K0.00Na0.32Ca0.67Al1.67Si2.33O8
		    G = -835312.96 (J)  H = -690367.82 (J)  S = 112.52 (J/K)  V = 18.51 (cc)  Cp = 59.93 (J/K)  
	        albite     anorthite      sanidine
	         32.38         67.49          0.13

spinel           mass = 1.87 (gm)  density = 4.61 (gm/cc)	(analysis in mole %)
		    Fe''1.64Mg0.23Fe'''0.10Al0.09Cr0.06Ti0.87O4
		    G = -16959.83 (J)  H = -12047.74 (J)  S = 3.81 (J/K)  V = 0.40 (cc)  Cp = 1.73 (J/K)  
	      chromite     hercynite     magnetite        spinel    ulvospinel
	          3.19        -18.79          4.83         23.38         87.38

Viscosity of the System cannot be computed.

System           mass = 99.94 (gm)  density = 2.87 (gm/cc)
                 G = -1590591.92 (J)  H = -1294216.52 (J)  S = 230.08 (J/K)  V = 34.80 (cc)  Cp = 123.06 (J/K)  

Oxygen           delta moles = -0.000336321  delta grams = -0.0107619
                 G = 98.33 (J)  H = -11.07 (J)  S = -0.08 (J/K)  V = -36.02 (cc)  Cp = -0.01 (J/K)  

**********----------**********
Title: dummy

T = 1010.00 (C)  P = 1.000 (kbars)  log(10) f O2 = -14.44  delta HM = -9.34  NNO = -4.37  QFM = -3.77  COH = -1.81  IW = 0.00

Constraint Flags: fO2 path = IW  Fractionate Solids  

Liquid           mass = 14.83 (gm)  density = 2.66 (gm/cc)  viscosity = 3.20 (log 10 poise)     (analysis in wt %)
 		G = -219284.22 (J)  H = -170032.90 (J)  S = 38.38 (J/K)  V = 5.57 (cc)  Cp = 21.21 (J/K)  
        SiO2   TiO2  Al2O3  Fe2O3  Cr2O3    FeO    MnO    MgO    NiO    CoO    CaO   Na2O    K2O   P2O5    H2O    CO2    SO3 Cl2O-1  F2O-1
       52.72   1.31   9.47   0.78   0.00  16.54   0.00   0.68   0.00   0.00  11.59   4.90   0.12   0.54   1.34   0.00   0.00   0.00   0.00

olivine          mass = 0.09 (gm)  density = 4.02 (gm/cc)     (analysis in mole %)
                 (Ca0.02Mg0.20Fe''0.80Mn0.00Co0.00Ni0.00)2SiO4
                 G = -955.02 (J)  H = -708.71 (J)  S = 0.19 (J/K)  V = 0.02 (cc)  Cp = 0.09 (J/K)  
          tephroite      fayalite    co-olivine    ni-olivine  monticellite    forsterite
               0.00         79.72          0.00          0.00          3.05         17.23

clinopyroxene    mass = 0.17 (gm)  density = 3.39 (gm/cc)     (analysis in mole %)
                 cpx Na0.04Ca0.86Fe''0.57Mg0.45Fe'''0.02Ti0.03Al0.12Si1.92O6
                 G = -2407.99 (J)  H = -1953.12 (J)  S = 0.35 (J/K)  V = 0.05 (cc)  Cp = 0.18 (J/K)  
           diopside clinoenstatit  hedenbergite alumino-buffo     buffonite      essenite       jadeite
              21.91         10.00         56.58          6.11         -0.50          2.40          3.51

feldspar         mass = 0.29 (gm)  density = 2.60 (gm/cc)     (analysis in mole %)
                 K0.00Na0.62Ca0.38Al1.38Si2.62O8
                 G = -4994.42 (J)  H = -4111.12 (J)  S = 0.69 (J/K)  V = 0.11 (cc)  Cp = 0.36 (J/K)  
             albite     anorthite      sanidine
              61.67         37.86          0.47

spinel           mass = 0.05 (gm)  density = 4.70 (gm/cc)     (analysis in mole %)
                 Fe''1.81Mg0.10Fe'''0.12Al0.06Cr0.00Ti0.91O4
                 G = -404.14 (J)  H = -283.33 (J)  S = 0.09 (J/K)  V = 0.01 (cc)  Cp = 0.04 (J/K)  
           chromite     hercynite     magnetite        spinel    ulvospinel
               0.00         -7.20          5.82         10.05         91.33

Total solids     mass = 0.60 (gm)  density = 3.08 (gm/cc)
                 G = -8761.57 (J)  H = -7056.28 (J)  S = 1.33 (J/K)  V = 0.20 (cc)  Cp = 0.68 (J/K)  

Summary of all fractionated phases: (total mass = 84.50 grams)

olivine          mass = 15.67 (gm)  density = 3.35 (gm/cc)	(analysis in mole %)
		    (Ca0.01Mg0.79Fe''0.21Mn0.00Co0.00Ni0.00)2SiO4
		    G = -234754.90 (J)  H = -189595.72 (J)  S = 35.19 (J/K)  V = 4.68 (cc)  Cp = 18.86 (J/K)  
	     tephroite      fayalite    co-olivine    ni-olivine  monticellite    forsterite
	          0.00         20.55          0.00          0.00          1.49         77.96

clinopyroxene    mass = 17.34 (gm)  density = 3.28 (gm/cc)	(analysis in mole %)
		    cpx Na0.02Ca0.85Fe''0.27Mg0.77Fe'''0.01Ti0.03Al0.14Si1.91O6
		    G = -269223.14 (J)  H = -220944.59 (J)  S = 37.63 (J/K)  V = 5.28 (cc)  Cp = 20.03 (J/K)  
	      diopside clinoenstatit  hedenbergite alumino-buffo     buffonite      essenite       jadeite
	         48.65         12.73         27.07          8.13         -2.63          3.60          2.45

feldspar         mass = 49.57 (gm)  density = 2.66 (gm/cc)	(analysis in mole %)
		    K0.00Na0.33Ca0.67Al1.67Si2.33O8
		    G = -840047.92 (J)  H = -695026.17 (J)  S = 113.02 (J/K)  V = 18.63 (cc)  Cp = 60.28 (J/K)  
	        albite     anorthite      sanidine
	         32.56         67.31          0.13

spinel           mass = 1.92 (gm)  density = 4.61 (gm/cc)	(analysis in mole %)
		    Fe''1.64Mg0.23Fe'''0.10Al0.09Cr0.06Ti0.87O4
		    G = -17377.25 (J)  H = -12362.48 (J)  S = 3.91 (J/K)  V = 0.42 (cc)  Cp = 1.77 (J/K)  
	      chromite     hercynite     magnetite        spinel    ulvospinel
	          3.11        -18.51          4.86         23.06         87.48

Viscosity of the System cannot be computed.

System           mass = 99.94 (gm)  density = 2.87 (gm/cc)
                 G = -1589449.01 (J)  H = -1295018.14 (J)  S = 229.46 (J/K)  V = 34.78 (cc)  Cp = 122.84 (J/K)  

Oxygen           delta moles = -0.000339322  delta grams = -0.0108579
                 G = 98.78 (J)  H = -11.10 (J)  S = -0.09 (J/K)  V = -36.20 (cc)  Cp = -0.01 (J/K)  

**********----------**********
Title: dummy

T = 1005.00 (C)  P = 1.000 (kbars)  log(10) f O2 = -14.52  delta HM = -9.35  NNO = -4.38  QFM = -3.78  COH = -1.82  IW = 0.00

Constraint Flags: fO2 path = IW  Fractionate Solids  

Liquid           mass = 14.28 (gm)  density = 2.66 (gm/cc)  viscosity = 3.22 (log 10 poise)     (analysis in wt %)
 		G = -211059.18 (J)  H = -163841.09 (J)  S = 36.94 (J/K)  V = 5.38 (cc)  Cp = 20.43 (J/K)  
        SiO2   TiO2  Al2O3  Fe2O3  Cr2O3    FeO    MnO    MgO    NiO    CoO    CaO   Na2O    K2O   P2O5    H2O    CO2    SO3 Cl2O-1  F2O-1
       52.92   1.26   9.31   0.78   0.00  16.45   0.00   0.58   0.00   0.00  11.67   4.95   0.13   0.56   1.40   0.00   0.00   0.00   0.00

olivine          mass = 0.09 (gm)  density = 4.04 (gm/cc)     (analysis in mole %)
                 (Ca0.02Mg0.19Fe''0.81Mn0.00Co0.00Ni0.00)2SiO4
                 G = -907.12 (J)  H = -672.50 (J)  S = 0.18 (J/K)  V = 0.02 (cc)  Cp = 0.09 (J/K)  
          tephroite      fayalite    co-olivine    ni-olivine  monticellite    forsterite
               0.00         81.40          0.00          0.00          3.11         15.48

clinopyroxene    mass = 0.15 (gm)  density = 3.40 (gm/cc)     (analysis in mole %)
                 cpx Na0.04Ca0.87Fe''0.59Mg0.42Fe'''0.02Ti0.03Al0.12Si1.92O6
                 G = -2207.65 (J)  H = -1790.93 (J)  S = 0.33 (J/K)  V = 0.05 (cc)  Cp = 0.17 (J/K)  
           diopside clinoenstatit  hedenbergite alumino-buffo     buffonite      essenite       jadeite
              19.42          9.82         59.22          5.99         -0.35          2.34          3.57

feldspar         mass = 0.28 (gm)  density = 2.60 (gm/cc)     (analysis in mole %)
                 K0.00Na0.62Ca0.37Al1.37Si2.63O8
                 G = -4674.30 (J)  H = -3851.54 (J)  S = 0.64 (J/K)  V = 0.11 (cc)  Cp = 0.34 (J/K)  
             albite     anorthite      sanidine
              62.31         37.20          0.48

spinel           mass = 0.04 (gm)  density = 4.71 (gm/cc)     (analysis in mole %)
                 Fe''1.82Mg0.09Fe'''0.12Al0.06Cr0.00Ti0.91O4
                 G = -360.11 (J)  H = -252.69 (J)  S = 0.08 (J/K)  V = 0.01 (cc)  Cp = 0.04 (J/K)  
           chromite     hercynite     magnetite        spinel    ulvospinel
               0.00         -6.42          5.90          9.17         91.34

Total solids     mass = 0.56 (gm)  density = 3.08 (gm/cc)
                 G = -8149.18 (J)  H = -6567.67 (J)  S = 1.24 (J/K)  V = 0.18 (cc)  Cp = 0.64 (J/K)  

Summary of all fractionated phases: (total mass = 85.09 grams)

olivine          mass = 15.76 (gm)  density = 3.35 (gm/cc)	(analysis in mole %)
		    (Ca0.01Mg0.79Fe''0.21Mn0.00Co0.00Ni0.00)2SiO4
		    G = -235518.56 (J)  H = -190381.17 (J)  S = 35.31 (J/K)  V = 4.70 (cc)  Cp = 18.94 (J/K)  
	     tephroite      fayalite    co-olivine    ni-olivine  monticellite    forsterite
	          0.00         20.82          0.00          0.00          1.50         77.68

clinopyroxene    mass = 17.50 (gm)  density = 3.28 (gm/cc)	(analysis in mole %)
		    cpx Na0.02Ca0.85Fe''0.27Mg0.77Fe'''0.01Ti0.03Al0.14Si1.91O6
		    G = -271408.96 (J)  H = -222971.16 (J)  S = 37.90 (J/K)  V = 5.33 (cc)  Cp = 20.20 (J/K)  
	      diopside clinoenstatit  hedenbergite alumino-buffo     buffonite      essenite       jadeite
	         48.41         12.71         27.33          8.11         -2.61          3.59          2.46

feldspar         mass = 49.86 (gm)  density = 2.66 (gm/cc)	(analysis in mole %)
		    K0.00Na0.33Ca0.67Al1.67Si2.33O8
		    G = -844430.52 (J)  H = -699402.46 (J)  S = 113.47 (J/K)  V = 18.74 (cc)  Cp = 60.61 (J/K)  
	        albite     anorthite      sanidine
	         32.74         67.13          0.13

spinel           mass = 1.96 (gm)  density = 4.62 (gm/cc)	(analysis in mole %)
		    Fe''1.65Mg0.23Fe'''0.10Al0.09Cr0.06Ti0.88O4
		    G = -17742.70 (J)  H = -12641.54 (J)  S = 3.99 (J/K)  V = 0.43 (cc)  Cp = 1.81 (J/K)  
	      chromite     hercynite     magnetite        spinel    ulvospinel
	          3.04        -18.26          4.88         22.77         87.57

Viscosity of the System cannot be computed.

System           mass = 99.94 (gm)  density = 2.88 (gm/cc)
                 G = -1588309.10 (J)  H = -1295805.09 (J)  S = 228.85 (J/K)  V = 34.76 (cc)  Cp = 122.62 (J/K)  

Oxygen           delta moles = -0.000342413  delta grams = -0.0109568
                 G = 99.25 (J)  H = -11.14 (J)  S = -0.09 (J/K)  V = -36.39 (cc)  Cp = -0.01 (J/K)  

**********----------**********
Title: dummy

T = 1000.00 (C)  P = 1.000 (kbars)  log(10) f O2 = -14.61  delta HM = -9.36  NNO = -4.39  QFM = -3.78  COH = -1.84  IW = 0.00

Constraint Flags: fO2 path = IW  Fractionate Solids  

Liquid           mass = 13.76 (gm)  density = 2.65 (gm/cc)  viscosity = 3.25 (log 10 poise)     (analysis in wt %)
 		G = -203391.90 (J)  H = -158072.41 (J)  S = 35.60 (J/K)  V = 5.19 (cc)  Cp = 19.69 (J/K)  
        SiO2   TiO2  Al2O3  Fe2O3  Cr2O3    FeO    MnO    MgO    NiO    CoO    CaO   Na2O    K2O   P2O5    H2O    CO2    SO3 Cl2O-1  F2O-1
       53.12   1.21   9.14   0.79   0.00  16.35   0.00   0.49   0.00   0.00  11.75   5.00   0.13   0.58   1.45   0.00   0.00   0.00   0.00

olivine          mass = 0.09 (gm)  density = 4.06 (gm/cc)     (analysis in mole %)
                 (Ca0.02Mg0.17Fe''0.83Mn0.00Co0.00Ni0.00)2SiO4
                 G = -857.22 (J)  H = -634.96 (J)  S = 0.17 (J/K)  V = 0.02 (cc)  Cp = 0.09 (J/K)  
          tephroite      fayalite    co-olivine    ni-olivine  monticellite    forsterite
               0.00         83.00          0.00          0.00          3.18         13.82

clinopyroxene    mass = 0.14 (gm)  density = 3.41 (gm/cc)     (analysis in mole %)
                 cpx Na0.04Ca0.87Fe''0.62Mg0.39Fe'''0.02Ti0.03Al0.12Si1.92O6
                 G = -2037.40 (J)  H = -1653.06 (J)  S = 0.30 (J/K)  V = 0.04 (cc)  Cp = 0.16 (J/K)  
           diopside clinoenstatit  hedenbergite alumino-buffo     buffonite      essenite       jadeite
              16.80          9.65         61.96          5.87         -0.19          2.27          3.63

feldspar         mass = 0.26 (gm)  density = 2.60 (gm/cc)     (analysis in mole %)
                 K0.01Na0.63Ca0.37Al1.37Si2.63O8
                 G = -4381.26 (J)  H = -3613.78 (J)  S = 0.60 (J/K)  V = 0.10 (cc)  Cp = 0.32 (J/K)  
             albite     anorthite      sanidine
              62.94         36.56          0.50

spinel           mass = 0.04 (gm)  density = 4.72 (gm/cc)     (analysis in mole %)
                 Fe''1.83Mg0.08Fe'''0.12Al0.05Cr0.00Ti0.91O4
                 G = -322.36 (J)  H = -226.41 (J)  S = 0.08 (J/K)  V = 0.01 (cc)  Cp = 0.03 (J/K)  
           chromite     hercynite     magnetite        spinel    ulvospinel
               0.00         -5.67          5.98          8.33         91.36

Total solids     mass = 0.53 (gm)  density = 3.08 (gm/cc)
                 G = -7598.24 (J)  H = -6128.22 (J)  S = 1.15 (J/K)  V = 0.17 (cc)  Cp = 0.59 (J/K)  

Summary of all fractionated phases: (total mass = 85.65 grams)

olivine          mass = 15.85 (gm)  density = 3.35 (gm/cc)	(analysis in mole %)
		    (Ca0.01Mg0.79Fe''0.21Mn0.00Co0.00Ni0.00)2SiO4
		    G = -236233.85 (J)  H = -191130.91 (J)  S = 35.43 (J/K)  V = 4.72 (cc)  Cp = 19.02 (J/K)  
	     tephroite      fayalite    co-olivine    ni-olivine  monticellite    forsterite
	          0.00         21.09          0.00          0.00          1.51         77.40

clinopyroxene    mass = 17.65 (gm)  density = 3.29 (gm/cc)	(analysis in mole %)
		    cpx Na0.02Ca0.85Fe''0.28Mg0.76Fe'''0.01Ti0.03Al0.14Si1.91O6
		    G = -273393.40 (J)  H = -224836.40 (J)  S = 38.14 (J/K)  V = 5.37 (cc)  Cp = 20.36 (J/K)  
	      diopside clinoenstatit  hedenbergite alumino-buffo     buffonite      essenite       jadeite
	         48.17         12.68         27.60          8.09         -2.59          3.58          2.47

feldspar         mass = 50.14 (gm)  density = 2.66 (gm/cc)	(analysis in mole %)
		    K0.00Na0.33Ca0.67Al1.67Si2.33O8
		    G = -848490.98 (J)  H = -703520.70 (J)  S = 113.87 (J/K)  V = 18.84 (cc)  Cp = 60.91 (J/K)  
	        albite     anorthite      sanidine
	         32.90         66.96          0.13

spinel           mass = 2.00 (gm)  density = 4.62 (gm/cc)	(analysis in mole %)
		    Fe''1.65Mg0.23Fe'''0.10Al0.09Cr0.06Ti0.88O4
		    G = -18063.79 (J)  H = -12890.15 (J)  S = 4.06 (J/K)  V = 0.43 (cc)  Cp = 1.85 (J/K)  
	      chromite     hercynite     magnetite        spinel    ulvospinel
	          2.98        -18.03          4.90         22.51         87.64

Viscosity of the System cannot be computed.

System           mass = 99.94 (gm)  density = 2.88 (gm/cc)
                 G = -1587172.16 (J)  H = -1296578.79 (J)  S = 228.25 (J/K)  V = 34.74 (cc)  Cp = 122.42 (J/K)  

Oxygen           delta moles = -0.000345545  delta grams = -0.011057
                 G = 99.72 (J)  H = -11.18 (J)  S = -0.09 (J/K)  V = -36.58 (cc)  Cp = -0.01 (J/K)  

**********----------**********
Title: dummy

T = 995.00 (C)  P = 1.000 (kbars)  log(10) f O2 = -14.69  delta HM = -9.36  NNO = -4.39  QFM = -3.79  COH = -1.85  IW = 0.00

Constraint Flags: fO2 path = IW  Fractionate Solids  

Liquid           mass = 13.28 (gm)  density = 2.65 (gm/cc)  viscosity = 3.27 (log 10 poise)     (analysis in wt %)
 		G = -196227.11 (J)  H = -152684.46 (J)  S = 34.34 (J/K)  V = 5.02 (cc)  Cp = 19.01 (J/K)  
        SiO2   TiO2  Al2O3  Fe2O3  Cr2O3    FeO    MnO    MgO    NiO    CoO    CaO   Na2O    K2O   P2O5    H2O    CO2    SO3 Cl2O-1  F2O-1
       53.32   1.16   8.98   0.79   0.00  16.24   0.00   0.41   0.00   0.00  11.83   5.04   0.13   0.60   1.50   0.00   0.00   0.00   0.00

olivine          mass = 0.08 (gm)  density = 4.08 (gm/cc)     (analysis in mole %)
                 (Ca0.02Mg0.15Fe''0.85Mn0.00Co0.00Ni0.00)2SiO4
                 G = -806.50 (J)  H = -596.98 (J)  S = 0.17 (J/K)  V = 0.02 (cc)  Cp = 0.08 (J/K)  
          tephroite      fayalite    co-olivine    ni-olivine  monticellite    forsterite
               0.00         84.52          0.00          0.00          3.24         12.25

clinopyroxene    mass = 0.13 (gm)  density = 3.43 (gm/cc)     (analysis in mole %)
                 cpx Na0.04Ca0.87Fe''0.65Mg0.36Fe'''0.02Ti0.03Al0.12Si1.92O6
                 G = -1893.06 (J)  H = -1536.14 (J)  S = 0.28 (J/K)  V = 0.04 (cc)  Cp = 0.15 (J/K)  
           diopside clinoenstatit  hedenbergite alumino-buffo     buffonite      essenite       jadeite
              14.07          9.50         64.79          5.76         -0.02          2.21          3.70

feldspar         mass = 0.24 (gm)  density = 2.60 (gm/cc)     (analysis in mole %)
                 K0.01Na0.64Ca0.36Al1.36Si2.64O8
                 G = -4112.72 (J)  H = -3395.77 (J)  S = 0.57 (J/K)  V = 0.09 (cc)  Cp = 0.30 (J/K)  
             albite     anorthite      sanidine
              63.54         35.94          0.52

spinel           mass = 0.03 (gm)  density = 4.72 (gm/cc)     (analysis in mole %)
                 Fe''1.84Mg0.08Fe'''0.12Al0.05Cr0.00Ti0.91O4
                 G = -289.82 (J)  H = -203.76 (J)  S = 0.07 (J/K)  V = 0.01 (cc)  Cp = 0.03 (J/K)  
           chromite     hercynite     magnetite        spinel    ulvospinel
               0.00         -4.96          6.05          7.53         91.38

Total solids     mass = 0.49 (gm)  density = 3.08 (gm/cc)
                 G = -7102.10 (J)  H = -5732.63 (J)  S = 1.08 (J/K)  V = 0.16 (cc)  Cp = 0.56 (J/K)  

Summary of all fractionated phases: (total mass = 86.16 grams)

olivine          mass = 15.94 (gm)  density = 3.36 (gm/cc)	(analysis in mole %)
		    (Ca0.01Mg0.79Fe''0.21Mn0.00Co0.00Ni0.00)2SiO4
		    G = -236898.77 (J)  H = -191843.60 (J)  S = 35.53 (J/K)  V = 4.74 (cc)  Cp = 19.09 (J/K)  
	     tephroite      fayalite    co-olivine    ni-olivine  monticellite    forsterite
	          0.00         21.36          0.00          0.00          1.51         77.13

clinopyroxene    mass = 17.79 (gm)  density = 3.29 (gm/cc)	(analysis in mole %)
		    cpx Na0.02Ca0.85Fe''0.28Mg0.76Fe'''0.01Ti0.03Al0.14Si1.91O6
		    G = -275206.68 (J)  H = -226564.54 (J)  S = 38.36 (J/K)  V = 5.41 (cc)  Cp = 20.51 (J/K)  
	      diopside clinoenstatit  hedenbergite alumino-buffo     buffonite      essenite       jadeite
	         47.94         12.66         27.85          8.07         -2.57          3.57          2.48

feldspar         mass = 50.39 (gm)  density = 2.66 (gm/cc)	(analysis in mole %)
		    K0.00Na0.33Ca0.67Al1.67Si2.33O8
		    G = -852256.61 (J)  H = -707402.60 (J)  S = 114.22 (J/K)  V = 18.94 (cc)  Cp = 61.19 (J/K)  
	        albite     anorthite      sanidine
	         33.06         66.81          0.14

spinel           mass = 2.04 (gm)  density = 4.62 (gm/cc)	(analysis in mole %)
		    Fe''1.65Mg0.22Fe'''0.10Al0.09Cr0.06Ti0.88O4
		    G = -18346.85 (J)  H = -13112.67 (J)  S = 4.13 (J/K)  V = 0.44 (cc)  Cp = 1.88 (J/K)  
	      chromite     hercynite     magnetite        spinel    ulvospinel
	          2.93        -17.82          4.92         22.27         87.70

Viscosity of the System cannot be computed.

System           mass = 99.94 (gm)  density = 2.88 (gm/cc)
                 G = -1586038.13 (J)  H = -1297340.52 (J)  S = 227.65 (J/K)  V = 34.72 (cc)  Cp = 122.22 (J/K)  

Oxygen           delta moles = -0.000348677  delta grams = -0.0111572
                 G = 100.19 (J)  H = -11.22 (J)  S = -0.09 (J/K)  V = -36.76 (cc)  Cp = -0.01 (J/K)  

**********----------**********
Title: dummy

T = 990.00 (C)  P = 1.000 (kbars)  log(10) f O2 = -14.77  delta HM = -9.37  NNO = -4.40  QFM = -3.80  COH = -1.87  IW = 0.00

Constraint Flags: fO2 path = IW  Fractionate Solids  

Liquid           mass = 12.83 (gm)  density = 2.64 (gm/cc)  viscosity = 3.29 (log 10 poise)     (analysis in wt %)
 		G = -189515.33 (J)  H = -147639.26 (J)  S = 33.15 (J/K)  V = 4.86 (cc)  Cp = 18.36 (J/K)  
        SiO2   TiO2  Al2O3  Fe2O3  Cr2O3    FeO    MnO    MgO    NiO    CoO    CaO   Na2O    K2O   P2O5    H2O    CO2    SO3 Cl2O-1  F2O-1
       53.51   1.12   8.82   0.79   0.00  16.12   0.00   0.33   0.00   0.00  11.92   5.08   0.14   0.62   1.55   0.00   0.00   0.00   0.00

olivine          mass = 0.08 (gm)  density = 4.10 (gm/cc)     (analysis in mole %)
                 (Ca0.02Mg0.14Fe''0.86Mn0.00Co0.00Ni0.00)2SiO4
                 G = -755.81 (J)  H = -559.13 (J)  S = 0.16 (J/K)  V = 0.02 (cc)  Cp = 0.08 (J/K)  
          tephroite      fayalite    co-olivine    ni-olivine  monticellite    forsterite
               0.00         85.96          0.00          0.00          3.30         10.74

clinopyroxene    mass = 0.13 (gm)  density = 3.44 (gm/cc)     (analysis in mole %)
                 cpx Na0.04Ca0.87Fe''0.68Mg0.33Fe'''0.02Ti0.03Al0.12Si1.92O6
                 G = -1771.23 (J)  H = -1437.43 (J)  S = 0.26 (J/K)  V = 0.04 (cc)  Cp = 0.14 (J/K)  
           diopside clinoenstatit  hedenbergite alumino-buffo     buffonite      essenite       jadeite
              11.24          9.37         67.70          5.64          0.15          2.14          3.76

feldspar         mass = 0.23 (gm)  density = 2.60 (gm/cc)     (analysis in mole %)
                 K0.01Na0.64Ca0.35Al1.35Si2.65O8
                 G = -3866.38 (J)  H = -3195.65 (J)  S = 0.53 (J/K)  V = 0.09 (cc)  Cp = 0.28 (J/K)  
             albite     anorthite      sanidine
              64.13         35.33          0.54

spinel           mass = 0.03 (gm)  density = 4.73 (gm/cc)     (analysis in mole %)
                 Fe''1.85Mg0.07Fe'''0.12Al0.05Cr0.00Ti0.91O4
                 G = -261.65 (J)  H = -184.14 (J)  S = 0.06 (J/K)  V = 0.01 (cc)  Cp = 0.03 (J/K)  
           chromite     hercynite     magnetite        spinel    ulvospinel
               0.00         -4.28          6.11          6.76         91.41

Total solids     mass = 0.46 (gm)  density = 3.09 (gm/cc)
                 G = -6655.07 (J)  H = -5376.35 (J)  S = 1.01 (J/K)  V = 0.15 (cc)  Cp = 0.52 (J/K)  

Summary of all fractionated phases: (total mass = 86.65 grams)

olivine          mass = 16.02 (gm)  density = 3.36 (gm/cc)	(analysis in mole %)
		    (Ca0.01Mg0.78Fe''0.22Mn0.00Co0.00Ni0.00)2SiO4
		    G = -237512.52 (J)  H = -192518.79 (J)  S = 35.62 (J/K)  V = 4.76 (cc)  Cp = 19.16 (J/K)  
	     tephroite      fayalite    co-olivine    ni-olivine  monticellite    forsterite
	          0.00         21.61          0.00          0.00          1.52         76.87

clinopyroxene    mass = 17.93 (gm)  density = 3.29 (gm/cc)	(analysis in mole %)
		    cpx Na0.02Ca0.85Fe''0.28Mg0.76Fe'''0.01Ti0.03Al0.14Si1.91O6
		    G = -276874.84 (J)  H = -228176.50 (J)  S = 38.55 (J/K)  V = 5.45 (cc)  Cp = 20.64 (J/K)  
	      diopside clinoenstatit  hedenbergite alumino-buffo     buffonite      essenite       jadeite
	         47.70         12.64         28.11          8.06         -2.55          3.56          2.49

feldspar         mass = 50.64 (gm)  density = 2.66 (gm/cc)	(analysis in mole %)
		    K0.00Na0.33Ca0.67Al1.67Si2.33O8
		    G = -855752.11 (J)  H = -711067.82 (J)  S = 114.54 (J/K)  V = 19.03 (cc)  Cp = 61.45 (J/K)  
	        albite     anorthite      sanidine
	         33.20         66.66          0.14

spinel           mass = 2.07 (gm)  density = 4.62 (gm/cc)	(analysis in mole %)
		    Fe''1.66Mg0.22Fe'''0.10Al0.09Cr0.06Ti0.88O4
		    G = -18597.14 (J)  H = -13312.70 (J)  S = 4.18 (J/K)  V = 0.45 (cc)  Cp = 1.90 (J/K)  
	      chromite     hercynite     magnetite        spinel    ulvospinel
	          2.89        -17.63          4.93         22.04         87.76

Viscosity of the System cannot be computed.

System           mass = 99.94 (gm)  density = 2.88 (gm/cc)
                 G = -1584907.00 (J)  H = -1298091.42 (J)  S = 227.06 (J/K)  V = 34.70 (cc)  Cp = 122.03 (J/K)  

Oxygen           delta moles = -0.000351777  delta grams = -0.0112564
                 G = 100.64 (J)  H = -11.26 (J)  S = -0.09 (J/K)  V = -36.94 (cc)  Cp = -0.01 (J/K)  

**********----------**********
Title: dummy

T = 985.00 (C)  P = 1.000 (kbars)  log(10) f O2 = -14.86  delta HM = -9.38  NNO = -4.40  QFM = -3.81  COH = -1.88  IW = 0.00

Constraint Flags: fO2 path = IW  Fractionate Solids  

Liquid           mass = 12.40 (gm)  density = 2.63 (gm/cc)  viscosity = 3.32 (log 10 poise)     (analysis in wt %)
 		G = -183212.02 (J)  H = -142902.65 (J)  S = 32.04 (J/K)  V = 4.71 (cc)  Cp = 17.76 (J/K)  
        SiO2   TiO2  Al2O3  Fe2O3  Cr2O3    FeO    MnO    MgO    NiO    CoO    CaO   Na2O    K2O   P2O5    H2O    CO2    SO3 Cl2O-1  F2O-1
       53.70   1.08   8.65   0.80   0.00  15.98   0.00   0.27   0.00   0.00  12.00   5.13   0.14   0.64   1.61   0.00   0.00   0.00   0.00

olivine          mass = 0.07 (gm)  density = 4.11 (gm/cc)     (analysis in mole %)
                 (Ca0.02Mg0.13Fe''0.87Mn0.00Co0.00Ni0.00)2SiO4
                 G = -705.72 (J)  H = -521.84 (J)  S = 0.15 (J/K)  V = 0.02 (cc)  Cp = 0.07 (J/K)  
          tephroite      fayalite    co-olivine    ni-olivine  monticellite    forsterite
               0.00         87.34          0.00          0.00          3.35          9.31

clinopyroxene    mass = 0.12 (gm)  density = 3.45 (gm/cc)     (analysis in mole %)
                 cpx Na0.04Ca0.87Fe''0.71Mg0.30Fe'''0.02Ti0.03Al0.11Si1.92O6
                 G = -1669.17 (J)  H = -1354.71 (J)  S = 0.25 (J/K)  V = 0.03 (cc)  Cp = 0.13 (J/K)  
           diopside clinoenstatit  hedenbergite alumino-buffo     buffonite      essenite       jadeite
               8.31          9.25         70.69          5.52          0.33          2.08          3.82

feldspar         mass = 0.22 (gm)  density = 2.60 (gm/cc)     (analysis in mole %)
                 K0.01Na0.65Ca0.35Al1.35Si2.65O8
                 G = -3640.16 (J)  H = -3011.78 (J)  S = 0.50 (J/K)  V = 0.08 (cc)  Cp = 0.26 (J/K)  
             albite     anorthite      sanidine
              64.71         34.73          0.56

spinel           mass = 0.03 (gm)  density = 4.73 (gm/cc)     (analysis in mole %)
                 Fe''1.85Mg0.06Fe'''0.12Al0.05Cr0.00Ti0.91O4
                 G = -237.15 (J)  H = -167.07 (J)  S = 0.06 (J/K)  V = 0.01 (cc)  Cp = 0.03 (J/K)  
           chromite     hercynite     magnetite        spinel    ulvospinel
               0.00         -3.62          6.17          6.02         91.43

Total solids     mass = 0.44 (gm)  density = 3.09 (gm/cc)
                 G = -6252.19 (J)  H = -5055.40 (J)  S = 0.95 (J/K)  V = 0.14 (cc)  Cp = 0.49 (J/K)  

Summary of all fractionated phases: (total mass = 87.10 grams)

olivine          mass = 16.09 (gm)  density = 3.37 (gm/cc)	(analysis in mole %)
		    (Ca0.01Mg0.78Fe''0.22Mn0.00Co0.00Ni0.00)2SiO4
		    G = -238075.15 (J)  H = -193156.63 (J)  S = 35.70 (J/K)  V = 4.78 (cc)  Cp = 19.22 (J/K)  
	     tephroite      fayalite    co-olivine    ni-olivine  monticellite    forsterite
	          0.00         21.85          0.00          0.00          1.53         76.63

clinopyroxene    mass = 18.05 (gm)  density = 3.29 (gm/cc)	(analysis in mole %)
		    cpx Na0.02Ca0.85Fe''0.28Mg0.75Fe'''0.01Ti0.03Al0.14Si1.91O6
		    G = -278420.48 (J)  H = -229690.42 (J)  S = 38.73 (J/K)  V = 5.49 (cc)  Cp = 20.77 (J/K)  
	      diopside clinoenstatit  hedenbergite alumino-buffo     buffonite      essenite       jadeite
	         47.46         12.62         28.37          8.04         -2.53          3.55          2.49

feldspar         mass = 50.86 (gm)  density = 2.66 (gm/cc)	(analysis in mole %)
		    K0.00Na0.33Ca0.67Al1.67Si2.33O8
		    G = -858999.86 (J)  H = -714534.16 (J)  S = 114.82 (J/K)  V = 19.11 (cc)  Cp = 61.69 (J/K)  
	        albite     anorthite      sanidine
	         33.34         66.52          0.14

spinel           mass = 2.10 (gm)  density = 4.62 (gm/cc)	(analysis in mole %)
		    Fe''1.66Mg0.22Fe'''0.10Al0.09Cr0.06Ti0.88O4
		    G = -18819.05 (J)  H = -13493.27 (J)  S = 4.23 (J/K)  V = 0.45 (cc)  Cp = 1.93 (J/K)  
	      chromite     hercynite     magnetite        spinel    ulvospinel
	          2.85        -17.45          4.95         21.84         87.81

Viscosity of the System cannot be computed.

System           mass = 99.94 (gm)  density = 2.88 (gm/cc)
                 G = -1583778.75 (J)  H = -1298832.52 (J)  S = 226.48 (J/K)  V = 34.68 (cc)  Cp = 121.85 (J/K)  

Oxygen           delta moles = -0.000354819  delta grams = -0.0113538
                 G = 101.06 (J)  H = -11.29 (J)  S = -0.09 (J/K)  V = -37.12 (cc)  Cp = -0.01 (J/K)  

   